Jahr,Label,Ausfuhr: Wert,Einfuhr: Wert
2008,Aluminium und Waren daraus,12397528000,12135180000
2008,"Andere Bekleidung, Bekleidungszubehör",7093662000,11661640000
2008,"Andere Konfektion, Spinnstoffwaren usw.",1583521000,2523426000
2008,Andere Waren tierischen Ursprungs,564176000,660218000
2008,"Andere pflanzliche Spinnstoffe, Papiergarn",67659000,91074000
2008,"Andere unedle Metalle, Cermets usw.",1149057000,1582131000
2008,Anorganische chemische Erzeugnisse,7621410000,6467190000
2008,Baumwolle,1078125000,987496000
2008,"Bekleidung usw. aus Gewirken, Gestricken",5165159000,10396427000
2008,Blei und Waren daraus,462166000,273804000
2008,"Bücher, Zeitungen, Bilddrucke usw.",4987143000,2137956000
2008,Düngemittel,2869652000,1599437000
2008,Eisen und Stahl,27239861000,29823016000
2008,"Eiweißstoffe, Klebstoffe, Enzyme",2019747000,1545513000
2008,Elektrotechnische Erzeugnisse,100048536000,85069739000
2008,"Erze, Schlacken, Aschen",276946000,6398535000
2008,"Etherische Öle, Riech-, Schönheitsmittel",6649117000,3939320000
2008,"Fische, Krebs- und Weichtiere",965547000,2419349000
2008,Flechtstoffe usw. pflanzlichen Ursprungs,11924000,28403000
2008,"Flechtwaren, Korbmacherwaren",44801000,131029000
2008,Fleisch,6207002000,5292800000
2008,"Gemüse, Pflanzen für Ernährung",840377000,4244544000
2008,Genießbare Früchte und Nüsse,1280224000,6186379000
2008,"Gerb- und Farbstoffe, Farben, Lacke usw.",8186667000,3681628000
2008,Getreide,2568459000,2071816000
2008,"Getränke, alkoholhaltige Flüssigkeiten, Essig",4115691000,5127726000
2008,"Getränkte, bestrichene usw. Gewebe",1725798000,1218581000
2008,Gewirke und Gestricke,831244000,419570000
2008,Glas und Glaswaren,4936722000,3825950000
2008,"Halbstoffe aus Holz usw., Papierabfall",1015855000,3345561000
2008,"Holz, Holzwaren, Holzkohle",7480520000,5464323000
2008,"Häute, Felle, Leder",901294000,817623000
2008,"Kaffee, Tee, Mate, Gewürze",1572868000,2706430000
2008,Kakao und Zubereitungen aus Kakao,2514636000,2227485000
2008,Kautschuk und Waren daraus,10050323000,9737984000
2008,Keramische Waren,3011768000,2088469000
2008,Kopfbedeckungen und Teile davon,230821000,328194000
2008,"Kork, Korkwaren",39805000,113408000
2008,"Kraftfahrzeuge, Landfahrzeuge",160435861000,65092555000
2008,"Kunstgegenstände, Sammlungsstücke",569297000,335419000
2008,Kunststoffe und Waren daraus,44815700000,26950257000
2008,Kupfer und Waren daraus,10038057000,9751729000
2008,Lebende Tiere,907501000,1347058000
2008,"Lederwaren, Sattlerwaren",1335713000,2383323000
2008,"Luftfahrzeuge, Raumfahrzeuge",20625166000,16349261000
2008,"Maschinen, Apparate, mechanische Geräte",185605904000,104782426000
2008,"Milch, Milcherzeugnisse, Eier, Honig",6904038000,5703222000
2008,Mineralische Brennstoffe usw.,26503247000,114321924000
2008,Musikinstrumente,441471000,373961000
2008,"Möbel, Beleuchtungskörper usw.",12218570000,11747394000
2008,"Müllereierzeugnisse, Malz usw.",963223000,488437000
2008,Nickel und Waren daraus,1204836000,1860397000
2008,"Optische, photografische usw. Erzeugnisse",38784932000,21515741000
2008,Organische chemische Erzeugnisse,24566192000,22223195000
2008,"Papier, Pappe und Waren daraus",18025374000,11855175000
2008,"Pelzfelle, künstliches Pelzwerk",175474000,158635000
2008,"Perlen, Edelsteine, Edelmetalle",8533715000,10307560000
2008,"Pflanzen, Waren des Blumenhandels",624238000,2463629000
2008,Pharmazeutische Erzeugnisse,43657804000,30912849000
2008,Photochemische Erzeugnisse,1222230000,843594000
2008,"Rückstände der Lebensmittelindustrie, Futter",2531506000,2619806000
2008,"Salz, Schwefel, Steine, Erden usw.",2243671000,1754001000
2008,"Schellack, Gummen, Harz, Pflanzensaft",484972000,324390000
2008,Schienenfahrzeuge,3448099000,1600002000
2008,"Schirme, Gehstöcke usw., Peitschen",98146000,178724000
2008,"Schuhe, Gamaschen, ähnliche Waren",2770700000,5122747000
2008,Seide,82421000,82122000
2008,"Seifen, Waschmittel usw.",5001052000,2481256000
2008,"Spezialgewebe, Spitzen, Tapisserien",508922000,316906000
2008,"Spielzeug, Spiele usw., Sportgeräte",6447879000,7207828000
2008,"Sprengstoffe, pyrotechnische Artikel usw.",216357000,183256000
2008,Synthetische oder künstliche Spinnfaser,1758137000,1374933000
2008,Synthetisches oder künstliches Filament,2302747000,1512864000
2008,Tabak,3335368000,1429595000
2008,"Teppiche, Fußbodenbelag aus Spinnstoff",511223000,970698000
2008,"Tierische und pflanzliche Fette, Öle, Wachs",2013860000,3420934000
2008,Uhrmacherwaren,1049740000,1242220000
2008,Verschiedene Erzeugnisse der Chemischen Industrie,15254113000,9691374000
2008,Verschiedene Lebensmittelzubereitungen,3569600000,2442309000
2008,Verschiedene Waren,1922617000,1203934000
2008,Verschiedene Waren aus unedlen Metallen,6216449000,3585732000
2008,Vollständige Fabrikationsanlagen,4706607000,57414000
2008,Waffen und Munition,372996000,148452000
2008,Waren aus Eisen oder Stahl,25809713000,16842843000
2008,"Waren aus Steinen, Gips, Zement usw.",3434776000,2199162000
2008,Wasserfahrzeuge,4423625000,6055274000
2008,"Watte, Filz, Vliesstoff usw., Tauwerk",1898882000,1062872000
2008,"Werkzeuge, Schneidwaren, Essbestecke",6187891000,3877555000
2008,"Wolle, feine und grobe Tierhaare",722186000,764820000
2008,Zink und Waren daraus,568183000,855284000
2008,Zinn und Waren daraus,112523000,345582000
2008,"Zubereitungen aus Getreide usw., Backwaren",4056208000,2371232000
2008,"Zubereitungen von Fleisch, Fisch usw.",2310041000,2030808000
2008,"Zubereitungen von Gemüse, Früchten usw.",2170614000,3826493000
2008,Zucker und Zuckerwaren,1296636000,1399402000
2008,"Zugerichtete Federn, Daunen, künstliche Blumen",65843000,139336000
2008,Zusammenstellungen verschiedener Waren,15184685000,11106728000
2008,"Ölsamen usw., Heilpflanzen usw.",1087404000,3476936000
2009,Aluminium und Waren daraus,9179972000,8089617000
2009,"Andere Bekleidung, Bekleidungszubehör",6488521000,11348502000
2009,"Andere Konfektion, Spinnstoffwaren usw.",1621300000,2407683000
2009,Andere Waren tierischen Ursprungs,555478000,628626000
2009,"Andere pflanzliche Spinnstoffe, Papiergarn",48240000,64510000
2009,"Andere unedle Metalle, Cermets usw.",645160000,823000000
2009,Anorganische chemische Erzeugnisse,6209447000,5070649000
2009,Baumwolle,862473000,751582000
2009,"Bekleidung usw. aus Gewirken, Gestricken",5168594000,10521200000
2009,Blei und Waren daraus,390423000,198196000
2009,"Bücher, Zeitungen, Bilddrucke usw.",4410275000,2079252000
2009,Düngemittel,1853234000,837106000
2009,Eisen und Stahl,16472384000,14639996000
2009,"Eiweißstoffe, Klebstoffe, Enzyme",1937097000,1384761000
2009,Elektrotechnische Erzeugnisse,81149011000,74672363000
2009,"Erze, Schlacken, Aschen",228698000,4501975000
2009,"Etherische Öle, Riech-, Schönheitsmittel",6366332000,3769037000
2009,"Fische, Krebs- und Weichtiere",987356000,2599272000
2009,Flechtstoffe usw. pflanzlichen Ursprungs,9249000,21994000
2009,"Flechtwaren, Korbmacherwaren",46843000,118634000
2009,Fleisch,6018652000,4720635000
2009,"Gemüse, Pflanzen für Ernährung",795674000,4100981000
2009,Genießbare Früchte und Nüsse,1161286000,5658297000
2009,"Gerb- und Farbstoffe, Farben, Lacke usw.",7178423000,3214004000
2009,Getreide,2158647000,1771280000
2009,"Getränke, alkoholhaltige Flüssigkeiten, Essig",3964233000,5260044000
2009,"Getränkte, bestrichene usw. Gewebe",1444239000,994180000
2009,Gewirke und Gestricke,692560000,352727000
2009,Glas und Glaswaren,4404817000,3196111000
2009,"Halbstoffe aus Holz usw., Papierabfall",810792000,2307628000
2009,"Holz, Holzwaren, Holzkohle",5913703000,4677098000
2009,"Häute, Felle, Leder",618412000,597928000
2009,"Kaffee, Tee, Mate, Gewürze",1521293000,2515051000
2009,Kakao und Zubereitungen aus Kakao,2649144000,2551873000
2009,Kautschuk und Waren daraus,8921860000,8036124000
2009,Keramische Waren,2507086000,1796053000
2009,Kopfbedeckungen und Teile davon,224278000,340589000
2009,"Kork, Korkwaren",34033000,96088000
2009,"Kraftfahrzeuge, Landfahrzeuge",116884191000,55714487000
2009,"Kunstgegenstände, Sammlungsstücke",496122000,300712000
2009,Kunststoffe und Waren daraus,36673727000,21400149000
2009,Kupfer und Waren daraus,6631875000,5648892000
2009,Lebende Tiere,1021632000,1490949000
2009,"Lederwaren, Sattlerwaren",1233511000,2197246000
2009,"Luftfahrzeuge, Raumfahrzeuge",22315834000,17397710000
2009,"Maschinen, Apparate, mechanische Geräte",146923215000,82953326000
2009,"Milch, Milcherzeugnisse, Eier, Honig",5972221000,5098741000
2009,Mineralische Brennstoffe usw.,17374056000,77892689000
2009,Musikinstrumente,382342000,401612000
2009,"Möbel, Beleuchtungskörper usw.",10588820000,10863893000
2009,"Müllereierzeugnisse, Malz usw.",899689000,423326000
2009,Nickel und Waren daraus,613035000,825207000
2009,"Optische, photografische usw. Erzeugnisse",34808964000,19704719000
2009,Organische chemische Erzeugnisse,19004760000,18310853000
2009,"Papier, Pappe und Waren daraus",15669308000,10278294000
2009,"Pelzfelle, künstliches Pelzwerk",122637000,126474000
2009,"Perlen, Edelsteine, Edelmetalle",7250210000,9244107000
2009,"Pflanzen, Waren des Blumenhandels",615821000,2452252000
2009,Pharmazeutische Erzeugnisse,45219510000,32392099000
2009,Photochemische Erzeugnisse,1082125000,759108000
2009,"Rückstände der Lebensmittelindustrie, Futter",2484565000,2666590000
2009,"Salz, Schwefel, Steine, Erden usw.",1827167000,1373824000
2009,"Schellack, Gummen, Harz, Pflanzensaft",434489000,321430000
2009,Schienenfahrzeuge,3508924000,1617315000
2009,"Schirme, Gehstöcke usw., Peitschen",181044000,143357000
2009,"Schuhe, Gamaschen, ähnliche Waren",2621475000,5025318000
2009,Seide,60168000,59554000
2009,"Seifen, Waschmittel usw.",4549241000,2416856000
2009,"Spezialgewebe, Spitzen, Tapisserien",432010000,281356000
2009,"Spielzeug, Spiele usw., Sportgeräte",5573214000,6580078000
2009,"Sprengstoffe, pyrotechnische Artikel usw.",187365000,199507000
2009,Synthetische oder künstliche Spinnfaser,1534311000,1088062000
2009,Synthetisches oder künstliches Filament,1673230000,1088888000
2009,Tabak,3362914000,1638118000
2009,"Teppiche, Fußbodenbelag aus Spinnstoff",447268000,985639000
2009,"Tierische und pflanzliche Fette, Öle, Wachs",1550321000,2469081000
2009,Uhrmacherwaren,953519000,1108552000
2009,Verschiedene Erzeugnisse der Chemischen Industrie,12861502000,8518642000
2009,Verschiedene Lebensmittelzubereitungen,3567256000,2578571000
2009,Verschiedene Waren,1676351000,1110329000
2009,Verschiedene Waren aus unedlen Metallen,5036638000,2901886000
2009,Vollständige Fabrikationsanlagen,4327888000,83846000
2009,Waffen und Munition,380362000,143272000
2009,Waren aus Eisen oder Stahl,19952142000,12103011000
2009,"Waren aus Steinen, Gips, Zement usw.",2755843000,1821216000
2009,Wasserfahrzeuge,2433736000,4758832000
2009,"Watte, Filz, Vliesstoff usw., Tauwerk",1630569000,935442000
2009,"Werkzeuge, Schneidwaren, Essbestecke",4810557000,2831489000
2009,"Wolle, feine und grobe Tierhaare",530496000,529082000
2009,Zink und Waren daraus,448270000,635636000
2009,Zinn und Waren daraus,67984000,179382000
2009,"Zubereitungen aus Getreide usw., Backwaren",4004922000,2309452000
2009,"Zubereitungen von Fleisch, Fisch usw.",2222131000,1935860000
2009,"Zubereitungen von Gemüse, Früchten usw.",1995101000,3506492000
2009,Zucker und Zuckerwaren,1435674000,1247163000
2009,"Zugerichtete Federn, Daunen, künstliche Blumen",63816000,125056000
2009,Zusammenstellungen verschiedener Waren,13479444000,11618211000
2009,"Ölsamen usw., Heilpflanzen usw.",815960000,3085992000
2010,Aluminium und Waren daraus,10291786000,11794599000
2010,"Andere Bekleidung, Bekleidungszubehör",6672911000,12216336000
2010,"Andere Konfektion, Spinnstoffwaren usw.",1771527000,2853834000
2010,Andere Waren tierischen Ursprungs,590560000,666108000
2010,"Andere pflanzliche Spinnstoffe, Papiergarn",46946000,69727000
2010,"Andere unedle Metalle, Cermets usw.",991867000,1157165000
2010,Anorganische chemische Erzeugnisse,7659660000,6451701000
2010,Baumwolle,991068000,932913000
2010,"Bekleidung usw. aus Gewirken, Gestricken",5826161000,11910896000
2010,Blei und Waren daraus,492437000,327051000
2010,"Bücher, Zeitungen, Bilddrucke usw.",4429956000,1975452000
2010,Düngemittel,2056837000,1106655000
2010,Eisen und Stahl,22324913000,22016276000
2010,"Eiweißstoffe, Klebstoffe, Enzyme",2264371000,1550617000
2010,Elektrotechnische Erzeugnisse,100861687000,96103135000
2010,"Erze, Schlacken, Aschen",332370000,7664214000
2010,"Etherische Öle, Riech-, Schönheitsmittel",7287902000,4318956000
2010,"Fische, Krebs- und Weichtiere",1088830000,2824212000
2010,Flechtstoffe usw. pflanzlichen Ursprungs,9169000,26228000
2010,"Flechtwaren, Korbmacherwaren",41414000,122334000
2010,Fleisch,6407086000,5008831000
2010,"Gemüse, Pflanzen für Ernährung",886567000,4787426000
2010,Genießbare Früchte und Nüsse,1254219000,6182862000
2010,"Gerb- und Farbstoffe, Farben, Lacke usw.",8525536000,4305688000
2010,Getreide,2127085000,1793124000
2010,"Getränke, alkoholhaltige Flüssigkeiten, Essig",4397837000,5546942000
2010,"Getränkte, bestrichene usw. Gewebe",1782218000,957703000
2010,Gewirke und Gestricke,801342000,411012000
2010,Glas und Glaswaren,4883224000,3798711000
2010,"Halbstoffe aus Holz usw., Papierabfall",1074432000,3810717000
2010,"Holz, Holzwaren, Holzkohle",6485992000,5739124000
2010,"Häute, Felle, Leder",846880000,797145000
2010,"Kaffee, Tee, Mate, Gewürze",1829840000,3234244000
2010,Kakao und Zubereitungen aus Kakao,3166253000,3038894000
2010,Kautschuk und Waren daraus,11626396000,10973068000
2010,Keramische Waren,2704280000,2080547000
2010,Kopfbedeckungen und Teile davon,256586000,416178000
2010,"Kork, Korkwaren",30582000,107669000
2010,"Kraftfahrzeuge, Landfahrzeuge",153269947000,59131050000
2010,"Kunstgegenstände, Sammlungsstücke",700221000,367765000
2010,Kunststoffe und Waren daraus,45293845000,27455552000
2010,Kupfer und Waren daraus,10379138000,9432451000
2010,Lebende Tiere,1089055000,1499416000
2010,"Lederwaren, Sattlerwaren",1342237000,2545922000
2010,"Luftfahrzeuge, Raumfahrzeuge",23348753000,20028591000
2010,"Maschinen, Apparate, mechanische Geräte",167116756000,99113473000
2010,"Milch, Milcherzeugnisse, Eier, Honig",7022460000,5762017000
2010,Mineralische Brennstoffe usw.,20267825000,94126894000
2010,Musikinstrumente,457645000,490049000
2010,"Möbel, Beleuchtungskörper usw.",11578407000,12512426000
2010,"Müllereierzeugnisse, Malz usw.",905756000,394956000
2010,Nickel und Waren daraus,795556000,1710385000
2010,"Optische, photografische usw. Erzeugnisse",42487763000,23177289000
2010,Organische chemische Erzeugnisse,21892025000,21488708000
2010,"Papier, Pappe und Waren daraus",18032799000,11360985000
2010,"Pelzfelle, künstliches Pelzwerk",145185000,144350000
2010,"Perlen, Edelsteine, Edelmetalle",11646451000,13253153000
2010,"Pflanzen, Waren des Blumenhandels",639843000,2618963000
2010,Pharmazeutische Erzeugnisse,47915427000,33914770000
2010,Photochemische Erzeugnisse,1087405000,775247000
2010,"Rückstände der Lebensmittelindustrie, Futter",2668952000,2796153000
2010,"Salz, Schwefel, Steine, Erden usw.",1937871000,1818487000
2010,"Schellack, Gummen, Harz, Pflanzensaft",453192000,368499000
2010,Schienenfahrzeuge,4057410000,1785413000
2010,"Schirme, Gehstöcke usw., Peitschen",115901000,161637000
2010,"Schuhe, Gamaschen, ähnliche Waren",2947061000,5931172000
2010,Seide,63614000,67943000
2010,"Seifen, Waschmittel usw.",5224865000,2762845000
2010,"Spezialgewebe, Spitzen, Tapisserien",475294000,319640000
2010,"Spielzeug, Spiele usw., Sportgeräte",4948332000,5388540000
2010,"Sprengstoffe, pyrotechnische Artikel usw.",202806000,231388000
2010,Synthetische oder künstliche Spinnfaser,1866351000,1384393000
2010,Synthetisches oder künstliches Filament,1902860000,1373514000
2010,Tabak,3469573000,1557963000
2010,"Teppiche, Fußbodenbelag aus Spinnstoff",486457000,1027713000
2010,"Tierische und pflanzliche Fette, Öle, Wachs",1837872000,3025425000
2010,Uhrmacherwaren,1257792000,1399309000
2010,Verschiedene Erzeugnisse der Chemischen Industrie,15731352000,10104067000
2010,Verschiedene Lebensmittelzubereitungen,3711038000,2425401000
2010,Verschiedene Waren,1873181000,1279433000
2010,Verschiedene Waren aus unedlen Metallen,5868632000,3488194000
2010,Vollständige Fabrikationsanlagen,3950937000,211784000
2010,Waffen und Munition,397733000,150368000
2010,Waren aus Eisen oder Stahl,21670027000,14220216000
2010,"Waren aus Steinen, Gips, Zement usw.",3243632000,2198569000
2010,Wasserfahrzeuge,5012306000,11103901000
2010,"Watte, Filz, Vliesstoff usw., Tauwerk",1901668000,1040623000
2010,"Werkzeuge, Schneidwaren, Essbestecke",5744830000,3432193000
2010,"Wolle, feine und grobe Tierhaare",630158000,729583000
2010,Zink und Waren daraus,599714000,1063183000
2010,Zinn und Waren daraus,104236000,336474000
2010,"Zubereitungen aus Getreide usw., Backwaren",4147014000,2379181000
2010,"Zubereitungen von Fleisch, Fisch usw.",2226036000,1963012000
2010,"Zubereitungen von Gemüse, Früchten usw.",1920674000,3621780000
2010,Zucker und Zuckerwaren,1484739000,1226336000
2010,"Zugerichtete Federn, Daunen, künstliche Blumen",70953000,150523000
2010,Zusammenstellungen verschiedener Waren,14295483000,11209658000
2010,"Ölsamen usw., Heilpflanzen usw.",924808000,2979017000
2011,Aluminium und Waren daraus,12743930000,13824085000
2011,"Andere Bekleidung, Bekleidungszubehör",7327807000,13911929000
2011,"Andere Konfektion, Spinnstoffwaren usw.",2027701000,3363447000
2011,Andere Waren tierischen Ursprungs,696195000,790561000
2011,"Andere pflanzliche Spinnstoffe, Papiergarn",52802000,87370000
2011,"Andere unedle Metalle, Cermets usw.",1270627000,1570863000
2011,Anorganische chemische Erzeugnisse,8646673000,6886662000
2011,Baumwolle,1161621000,1211194000
2011,"Bekleidung usw. aus Gewirken, Gestricken",6405742000,13152750000
2011,Blei und Waren daraus,509258000,360235000
2011,"Bücher, Zeitungen, Bilddrucke usw.",4284972000,2029986000
2011,Düngemittel,2598602000,1512220000
2011,Eisen und Stahl,25669636000,27481205000
2011,"Eiweißstoffe, Klebstoffe, Enzyme",2530418000,1773242000
2011,Elektrotechnische Erzeugnisse,105980164000,99168475000
2011,"Erze, Schlacken, Aschen",351805000,9720676000
2011,"Etherische Öle, Riech-, Schönheitsmittel",7701499000,4530252000
2011,"Fische, Krebs- und Weichtiere",1222443000,3088937000
2011,Flechtstoffe usw. pflanzlichen Ursprungs,11346000,28491000
2011,"Flechtwaren, Korbmacherwaren",39240000,128385000
2011,Fleisch,7265244000,5815644000
2011,"Gemüse, Pflanzen für Ernährung",902287000,4549931000
2011,Genießbare Früchte und Nüsse,1262250000,6417119000
2011,"Gerb- und Farbstoffe, Farben, Lacke usw.",9357776000,5038501000
2011,Getreide,2380364000,2420372000
2011,"Getränke, alkoholhaltige Flüssigkeiten, Essig",4650678000,6202272000
2011,"Getränkte, bestrichene usw. Gewebe",1959977000,1126554000
2011,Gewirke und Gestricke,892385000,463880000
2011,Glas und Glaswaren,5130078000,3996562000
2011,"Halbstoffe aus Holz usw., Papierabfall",1255627000,3873636000
2011,"Holz, Holzwaren, Holzkohle",6659911000,6379194000
2011,"Häute, Felle, Leder",1022542000,934066000
2011,"Kaffee, Tee, Mate, Gewürze",2357023000,4625740000
2011,Kakao und Zubereitungen aus Kakao,3516768000,3273915000
2011,Kautschuk und Waren daraus,13849529000,14281201000
2011,Keramische Waren,2886076000,2253767000
2011,Kopfbedeckungen und Teile davon,286389000,444124000
2011,"Kork, Korkwaren",33576000,102119000
2011,"Kraftfahrzeuge, Landfahrzeuge",177596778000,70195208000
2011,"Kunstgegenstände, Sammlungsstücke",877583000,347700000
2011,Kunststoffe und Waren daraus,49393980000,31006346000
2011,Kupfer und Waren daraus,12115336000,11472426000
2011,Lebende Tiere,1278397000,1532597000
2011,"Lederwaren, Sattlerwaren",1534197000,2948422000
2011,"Luftfahrzeuge, Raumfahrzeuge",27088928000,18398536000
2011,"Maschinen, Apparate, mechanische Geräte",188534308000,109796677000
2011,"Milch, Milcherzeugnisse, Eier, Honig",7829161000,6162172000
2011,Mineralische Brennstoffe usw.,26737943000,122987017000
2011,Musikinstrumente,506329000,502274000
2011,"Möbel, Beleuchtungskörper usw.",13151580000,13632577000
2011,"Müllereierzeugnisse, Malz usw.",1035087000,517205000
2011,Nickel und Waren daraus,1017031000,2028755000
2011,"Optische, photografische usw. Erzeugnisse",47355440000,26090596000
2011,Organische chemische Erzeugnisse,23442210000,24973430000
2011,"Papier, Pappe und Waren daraus",18711761000,11923110000
2011,"Pelzfelle, künstliches Pelzwerk",177418000,193411000
2011,"Perlen, Edelsteine, Edelmetalle",15366378000,17036173000
2011,"Pflanzen, Waren des Blumenhandels",765784000,2827894000
2011,Pharmazeutische Erzeugnisse,49355940000,34672722000
2011,Photochemische Erzeugnisse,1023256000,759611000
2011,"Rückstände der Lebensmittelindustrie, Futter",2843309000,3022447000
2011,"Salz, Schwefel, Steine, Erden usw.",2161605000,1974683000
2011,"Schellack, Gummen, Harz, Pflanzensaft",446695000,405157000
2011,Schienenfahrzeuge,3432105000,1604584000
2011,"Schirme, Gehstöcke usw., Peitschen",81414000,186147000
2011,"Schuhe, Gamaschen, ähnliche Waren",3700276000,6949269000
2011,Seide,69013000,77258000
2011,"Seifen, Waschmittel usw.",5792530000,3026508000
2011,"Spezialgewebe, Spitzen, Tapisserien",495226000,330267000
2011,"Spielzeug, Spiele usw., Sportgeräte",4877507000,5588654000
2011,"Sprengstoffe, pyrotechnische Artikel usw.",226504000,238075000
2011,Synthetische oder künstliche Spinnfaser,1980445000,1629482000
2011,Synthetisches oder künstliches Filament,2029509000,1470440000
2011,Tabak,3916955000,1872627000
2011,"Teppiche, Fußbodenbelag aus Spinnstoff",516773000,1083172000
2011,"Tierische und pflanzliche Fette, Öle, Wachs",2507997000,4151883000
2011,Uhrmacherwaren,1478141000,1755624000
2011,Verschiedene Erzeugnisse der Chemischen Industrie,17975412000,11762273000
2011,Verschiedene Lebensmittelzubereitungen,4068076000,2151617000
2011,Verschiedene Waren,1951263000,1433352000
2011,Verschiedene Waren aus unedlen Metallen,6369529000,3792664000
2011,Vollständige Fabrikationsanlagen,3288432000,129732000
2011,Waffen und Munition,394575000,177792000
2011,Waren aus Eisen oder Stahl,25058833000,17388145000
2011,"Waren aus Steinen, Gips, Zement usw.",3636221000,2523925000
2011,Wasserfahrzeuge,3097746000,7278856000
2011,"Watte, Filz, Vliesstoff usw., Tauwerk",2116418000,1176527000
2011,"Werkzeuge, Schneidwaren, Essbestecke",6453251000,4106530000
2011,"Wolle, feine und grobe Tierhaare",759334000,878018000
2011,Zink und Waren daraus,648847000,1143379000
2011,Zinn und Waren daraus,137430000,466627000
2011,"Zubereitungen aus Getreide usw., Backwaren",4415118000,2583682000
2011,"Zubereitungen von Fleisch, Fisch usw.",2419859000,2125034000
2011,"Zubereitungen von Gemüse, Früchten usw.",2040414000,4081396000
2011,Zucker und Zuckerwaren,1660743000,1396095000
2011,"Zugerichtete Federn, Daunen, künstliche Blumen",85495000,163913000
2011,Zusammenstellungen verschiedener Waren,15283223000,11681548000
2011,"Ölsamen usw., Heilpflanzen usw.",1012570000,3890489000
2012,Aluminium und Waren daraus,12093364000,13011968000
2012,"Andere Bekleidung, Bekleidungszubehör",7089063000,13302403000
2012,"Andere Konfektion, Spinnstoffwaren usw.",2079152000,3144485000
2012,Andere Waren tierischen Ursprungs,765810000,903637000
2012,"Andere pflanzliche Spinnstoffe, Papiergarn",46651000,77322000
2012,"Andere unedle Metalle, Cermets usw.",1325507000,1567049000
2012,Anorganische chemische Erzeugnisse,8800861000,7336459000
2012,Baumwolle,1025678000,1021305000
2012,"Bekleidung usw. aus Gewirken, Gestricken",6154202000,12496584000
2012,Blei und Waren daraus,431294000,312340000
2012,"Bücher, Zeitungen, Bilddrucke usw.",4126191000,1950756000
2012,Düngemittel,2837981000,1509759000
2012,Eisen und Stahl,24445447000,24193941000
2012,"Eiweißstoffe, Klebstoffe, Enzyme",2705105000,1835676000
2012,Elektrotechnische Erzeugnisse,106795916000,97148324000
2012,"Erze, Schlacken, Aschen",367104000,8805227000
2012,"Etherische Öle, Riech-, Schönheitsmittel",8156349000,4844255000
2012,"Fische, Krebs- und Weichtiere",1160550000,3010070000
2012,Flechtstoffe usw. pflanzlichen Ursprungs,10735000,26524000
2012,"Flechtwaren, Korbmacherwaren",38845000,119949000
2012,Fleisch,7794579000,5910578000
2012,"Gemüse, Pflanzen für Ernährung",896717000,4790264000
2012,Genießbare Früchte und Nüsse,1235569000,6763947000
2012,"Gerb- und Farbstoffe, Farben, Lacke usw.",10137949000,5255701000
2012,Getreide,2580874000,2407559000
2012,"Getränke, alkoholhaltige Flüssigkeiten, Essig",4877692000,6531754000
2012,"Getränkte, bestrichene usw. Gewebe",1956847000,1112109000
2012,Gewirke und Gestricke,782565000,465892000
2012,Glas und Glaswaren,4982905000,3894910000
2012,"Halbstoffe aus Holz usw., Papierabfall",1123773000,3476418000
2012,"Holz, Holzwaren, Holzkohle",6411276000,6308117000
2012,"Häute, Felle, Leder",1011060000,855528000
2012,"Kaffee, Tee, Mate, Gewürze",2380167000,4436979000
2012,Kakao und Zubereitungen aus Kakao,3606220000,2998193000
2012,Kautschuk und Waren daraus,14045574000,13422804000
2012,Keramische Waren,2870862000,2258419000
2012,Kopfbedeckungen und Teile davon,273421000,425696000
2012,"Kork, Korkwaren",31490000,96413000
2012,"Kraftfahrzeuge, Landfahrzeuge",182942653000,72042481000
2012,"Kunstgegenstände, Sammlungsstücke",867347000,353385000
2012,Kunststoffe und Waren daraus,50018242000,31424540000
2012,Kupfer und Waren daraus,11572775000,10798386000
2012,Lebende Tiere,1394421000,1784187000
2012,"Lederwaren, Sattlerwaren",1545421000,2966695000
2012,"Luftfahrzeuge, Raumfahrzeuge",33808431000,18520239000
2012,"Maschinen, Apparate, mechanische Geräte",191293564000,109619765000
2012,"Milch, Milcherzeugnisse, Eier, Honig",7923112000,6175721000
2012,Mineralische Brennstoffe usw.,28674050000,130155559000
2012,Musikinstrumente,510022000,529358000
2012,"Möbel, Beleuchtungskörper usw.",13189271000,13931091000
2012,"Müllereierzeugnisse, Malz usw.",1185577000,496589000
2012,Nickel und Waren daraus,1093282000,1832911000
2012,"Optische, photografische usw. Erzeugnisse",49601209000,26985341000
2012,Organische chemische Erzeugnisse,24791367000,25368121000
2012,"Papier, Pappe und Waren daraus",17078890000,11400248000
2012,"Pelzfelle, künstliches Pelzwerk",199222000,185157000
2012,"Perlen, Edelsteine, Edelmetalle",15592063000,16243573000
2012,"Pflanzen, Waren des Blumenhandels",765722000,2806724000
2012,Pharmazeutische Erzeugnisse,54362801000,33579500000
2012,Photochemische Erzeugnisse,1075860000,768073000
2012,"Rückstände der Lebensmittelindustrie, Futter",3431769000,3531023000
2012,"Salz, Schwefel, Steine, Erden usw.",1990428000,1834372000
2012,"Schellack, Gummen, Harz, Pflanzensaft",476497000,450368000
2012,Schienenfahrzeuge,3917236000,1739947000
2012,"Schirme, Gehstöcke usw., Peitschen",78618000,168830000
2012,"Schuhe, Gamaschen, ähnliche Waren",3323376000,6976570000
2012,Seide,77720000,80779000
2012,"Seifen, Waschmittel usw.",6057860000,3129628000
2012,"Spezialgewebe, Spitzen, Tapisserien",461553000,318972000
2012,"Spielzeug, Spiele usw., Sportgeräte",3910656000,5067746000
2012,"Sprengstoffe, pyrotechnische Artikel usw.",232618000,260817000
2012,Synthetische oder künstliche Spinnfaser,1882188000,1529666000
2012,Synthetisches oder künstliches Filament,1860679000,1395112000
2012,Tabak,4034395000,1851974000
2012,"Teppiche, Fußbodenbelag aus Spinnstoff",505812000,990461000
2012,"Tierische und pflanzliche Fette, Öle, Wachs",2926828000,3532215000
2012,Uhrmacherwaren,1605486000,2102017000
2012,Verschiedene Erzeugnisse der Chemischen Industrie,17767515000,11338881000
2012,Verschiedene Lebensmittelzubereitungen,4376221000,2443689000
2012,Verschiedene Waren,3329677000,2194813000
2012,Verschiedene Waren aus unedlen Metallen,6326936000,3777025000
2012,Vollständige Fabrikationsanlagen,3322389000,43315000
2012,Waffen und Munition,453041000,207854000
2012,Waren aus Eisen oder Stahl,25114634000,16969401000
2012,"Waren aus Steinen, Gips, Zement usw.",3592623000,2552972000
2012,Wasserfahrzeuge,3953132000,4751261000
2012,"Watte, Filz, Vliesstoff usw., Tauwerk",2076196000,1141878000
2012,"Werkzeuge, Schneidwaren, Essbestecke",6723298000,4139705000
2012,"Wolle, feine und grobe Tierhaare",667962000,793296000
2012,Zink und Waren daraus,625089000,1048086000
2012,Zinn und Waren daraus,114146000,364560000
2012,"Zubereitungen aus Getreide usw., Backwaren",4739459000,2722355000
2012,"Zubereitungen von Fleisch, Fisch usw.",2560620000,2356162000
2012,"Zubereitungen von Gemüse, Früchten usw.",2182734000,4249957000
2012,Zucker und Zuckerwaren,1926863000,1584129000
2012,"Zugerichtete Federn, Daunen, künstliche Blumen",90678000,160931000
2012,Zusammenstellungen verschiedener Waren,18011285000,10696615000
2012,"Ölsamen usw., Heilpflanzen usw.",957862000,4909900000
2013,Aluminium und Waren daraus,12189367000,12808801000
2013,"Andere Bekleidung, Bekleidungszubehör",7023688000,13396611000
2013,"Andere Konfektion, Spinnstoffwaren usw.",2124606000,3095364000
2013,Andere Waren tierischen Ursprungs,838248000,901125000
2013,"Andere pflanzliche Spinnstoffe, Papiergarn",40132000,65196000
2013,"Andere unedle Metalle, Cermets usw.",1263634000,1427639000
2013,Anorganische chemische Erzeugnisse,8087224000,6217828000
2013,Baumwolle,970953000,986306000
2013,"Bekleidung usw. aus Gewirken, Gestricken",6248747000,13105051000
2013,Blei und Waren daraus,417230000,332364000
2013,"Bücher, Zeitungen, Bilddrucke usw.",4152953000,1789445000
2013,Düngemittel,2517108000,1427076000
2013,Eisen und Stahl,21910889000,22384014000
2013,"Eiweißstoffe, Klebstoffe, Enzyme",2799224000,1896197000
2013,Elektrotechnische Erzeugnisse,106865478000,95416358000
2013,"Erze, Schlacken, Aschen",317828000,7796792000
2013,"Etherische Öle, Riech-, Schönheitsmittel",8356052000,5327134000
2013,"Fische, Krebs- und Weichtiere",1252440000,3140041000
2013,Flechtstoffe usw. pflanzlichen Ursprungs,8092000,29433000
2013,"Flechtwaren, Korbmacherwaren",37532000,102199000
2013,Fleisch,7802200000,6016545000
2013,"Gemüse, Pflanzen für Ernährung",1097676000,5207091000
2013,Genießbare Früchte und Nüsse,1389320000,7611077000
2013,"Gerb- und Farbstoffe, Farben, Lacke usw.",10318849000,5631741000
2013,Getreide,3248677000,2508292000
2013,"Getränke, alkoholhaltige Flüssigkeiten, Essig",5032056000,6585078000
2013,"Getränkte, bestrichene usw. Gewebe",1989799000,1073690000
2013,Gewirke und Gestricke,773512000,414638000
2013,Glas und Glaswaren,5205606000,4006547000
2013,"Halbstoffe aus Holz usw., Papierabfall",1158701000,3529906000
2013,"Holz, Holzwaren, Holzkohle",6596261000,6469680000
2013,"Häute, Felle, Leder",1066343000,911911000
2013,"Kaffee, Tee, Mate, Gewürze",2227308000,3582700000
2013,Kakao und Zubereitungen aus Kakao,3836899000,3085586000
2013,Kautschuk und Waren daraus,13758330000,13191095000
2013,Keramische Waren,2860816000,2200424000
2013,Kopfbedeckungen und Teile davon,301513000,432712000
2013,"Kork, Korkwaren",26122000,90630000
2013,"Kraftfahrzeuge, Landfahrzeuge",182865428000,72374466000
2013,"Kunstgegenstände, Sammlungsstücke",616263000,370568000
2013,Kunststoffe und Waren daraus,51196154000,32120104000
2013,Kupfer und Waren daraus,10543406000,10082881000
2013,Lebende Tiere,1531604000,2029435000
2013,"Lederwaren, Sattlerwaren",1589935000,3131755000
2013,"Luftfahrzeuge, Raumfahrzeuge",33124002000,20033034000
2013,"Maschinen, Apparate, mechanische Geräte",188960189000,107233835000
2013,"Milch, Milcherzeugnisse, Eier, Honig",8990431000,6658652000
2013,Mineralische Brennstoffe usw.,27495601000,127352482000
2013,Musikinstrumente,513516000,461200000
2013,"Möbel, Beleuchtungskörper usw.",12967190000,14216799000
2013,"Müllereierzeugnisse, Malz usw.",1253392000,515280000
2013,Nickel und Waren daraus,996653000,1371616000
2013,"Optische, photografische usw. Erzeugnisse",50415782000,27270779000
2013,Organische chemische Erzeugnisse,25073150000,25087578000
2013,"Papier, Pappe und Waren daraus",16728244000,11199602000
2013,"Pelzfelle, künstliches Pelzwerk",194162000,171956000
2013,"Perlen, Edelsteine, Edelmetalle",12965927000,16128402000
2013,"Pflanzen, Waren des Blumenhandels",836792000,2609946000
2013,Pharmazeutische Erzeugnisse,55906144000,33695417000
2013,Photochemische Erzeugnisse,1088191000,755056000
2013,"Rückstände der Lebensmittelindustrie, Futter",3659800000,3644032000
2013,"Salz, Schwefel, Steine, Erden usw.",1983051000,1762364000
2013,"Schellack, Gummen, Harz, Pflanzensaft",497013000,450475000
2013,Schienenfahrzeuge,3590324000,2351193000
2013,"Schirme, Gehstöcke usw., Peitschen",75697000,158466000
2013,"Schuhe, Gamaschen, ähnliche Waren",3674060000,7361957000
2013,Seide,65646000,69401000
2013,"Seifen, Waschmittel usw.",6296915000,3245965000
2013,"Spezialgewebe, Spitzen, Tapisserien",453267000,276933000
2013,"Spielzeug, Spiele usw., Sportgeräte",3363652000,4621001000
2013,"Sprengstoffe, pyrotechnische Artikel usw.",226201000,229668000
2013,Synthetische oder künstliche Spinnfaser,1917474000,1505968000
2013,Synthetisches oder künstliches Filament,1824835000,1360552000
2013,Tabak,3611662000,1825050000
2013,"Teppiche, Fußbodenbelag aus Spinnstoff",482508000,981118000
2013,"Tierische und pflanzliche Fette, Öle, Wachs",2985636000,3631249000
2013,Uhrmacherwaren,1771592000,2157380000
2013,Verschiedene Erzeugnisse der Chemischen Industrie,18651173000,11186151000
2013,Verschiedene Lebensmittelzubereitungen,4611170000,2554997000
2013,Verschiedene Waren,3381371000,2242948000
2013,Verschiedene Waren aus unedlen Metallen,6406442000,3741978000
2013,Vollständige Fabrikationsanlagen,3093290000,23827000
2013,Waffen und Munition,505918000,198209000
2013,Waren aus Eisen oder Stahl,25218659000,16927787000
2013,"Waren aus Steinen, Gips, Zement usw.",3680392000,2488160000
2013,Wasserfahrzeuge,3494543000,3420980000
2013,"Watte, Filz, Vliesstoff usw., Tauwerk",2163713000,1142753000
2013,"Werkzeuge, Schneidwaren, Essbestecke",6837581000,3962954000
2013,"Wolle, feine und grobe Tierhaare",545045000,674237000
2013,Zink und Waren daraus,565031000,1035564000
2013,Zinn und Waren daraus,117365000,386332000
2013,"Zubereitungen aus Getreide usw., Backwaren",5022700000,3068276000
2013,"Zubereitungen von Fleisch, Fisch usw.",2707044000,2319606000
2013,"Zubereitungen von Gemüse, Früchten usw.",2316940000,4140715000
2013,Zucker und Zuckerwaren,1872044000,1639506000
2013,"Zugerichtete Federn, Daunen, künstliche Blumen",91005000,146098000
2013,Zusammenstellungen verschiedener Waren,17308273000,9369565000
2013,"Ölsamen usw., Heilpflanzen usw.",991676000,5023223000
2014,Aluminium und Waren daraus,12757242000,13550797000
2014,"Andere Bekleidung, Bekleidungszubehör",7391156000,14185302000
2014,"Andere Konfektion, Spinnstoffwaren usw.",2313829000,3390243000
2014,Andere Waren tierischen Ursprungs,792301000,869393000
2014,"Andere pflanzliche Spinnstoffe, Papiergarn",39843000,65411000
2014,"Andere unedle Metalle, Cermets usw.",1397684000,1521632000
2014,Anorganische chemische Erzeugnisse,8294097000,6296123000
2014,Baumwolle,942490000,952661000
2014,"Bekleidung usw. aus Gewirken, Gestricken",6782447000,14167547000
2014,Blei und Waren daraus,474390000,320973000
2014,"Bücher, Zeitungen, Bilddrucke usw.",4146692000,1997546000
2014,Düngemittel,2222520000,1443759000
2014,Eisen und Stahl,21884058000,22886882000
2014,"Eiweißstoffe, Klebstoffe, Enzyme",3019575000,1992857000
2014,Elektrotechnische Erzeugnisse,110242934000,100743562000
2014,"Erze, Schlacken, Aschen",319201000,7672921000
2014,"Etherische Öle, Riech-, Schönheitsmittel",8351237000,5455389000
2014,"Fische, Krebs- und Weichtiere",1348208000,3500145000
2014,Flechtstoffe usw. pflanzlichen Ursprungs,9550000,36859000
2014,"Flechtwaren, Korbmacherwaren",40654000,111260000
2014,Fleisch,7521082000,6038190000
2014,"Gemüse, Pflanzen für Ernährung",937967000,5030311000
2014,Genießbare Früchte und Nüsse,1498566000,7661491000
2014,"Gerb- und Farbstoffe, Farben, Lacke usw.",10420817000,5694997000
2014,Getreide,2895963000,2581652000
2014,"Getränke, alkoholhaltige Flüssigkeiten, Essig",5171360000,6308199000
2014,"Getränkte, bestrichene usw. Gewebe",2013735000,1033636000
2014,Gewirke und Gestricke,768653000,430051000
2014,Glas und Glaswaren,5520939000,4337084000
2014,"Halbstoffe aus Holz usw., Papierabfall",1148978000,3446724000
2014,"Holz, Holzwaren, Holzkohle",6885194000,6900774000
2014,"Häute, Felle, Leder",1138190000,969123000
2014,"Kaffee, Tee, Mate, Gewürze",2322788000,3929945000
2014,Kakao und Zubereitungen aus Kakao,4429941000,3705262000
2014,Kautschuk und Waren daraus,13707033000,12997053000
2014,Keramische Waren,2937299000,2390788000
2014,Kopfbedeckungen und Teile davon,332777000,476593000
2014,"Kork, Korkwaren",27377000,91393000
2014,"Kraftfahrzeuge, Landfahrzeuge",195058310000,78574546000
2014,"Kunstgegenstände, Sammlungsstücke",598357000,386303000
2014,Kunststoffe und Waren daraus,53073319000,33600069000
2014,Kupfer und Waren daraus,10284952000,9201504000
2014,Lebende Tiere,1519041000,1943513000
2014,"Lederwaren, Sattlerwaren",1736206000,3435079000
2014,"Luftfahrzeuge, Raumfahrzeuge",32889821000,21350805000
2014,"Maschinen, Apparate, mechanische Geräte",193964098000,112931683000
2014,"Milch, Milcherzeugnisse, Eier, Honig",9323000000,6981896000
2014,Mineralische Brennstoffe usw.,26727295000,113693699000
2014,Musikinstrumente,521417000,500746000
2014,"Möbel, Beleuchtungskörper usw.",13600461000,15897379000
2014,"Müllereierzeugnisse, Malz usw.",1340622000,485195000
2014,Nickel und Waren daraus,1049645000,1356868000
2014,"Optische, photografische usw. Erzeugnisse",51567009000,28976699000
2014,Organische chemische Erzeugnisse,25173656000,25706670000
2014,"Papier, Pappe und Waren daraus",16957846000,11781094000
2014,"Pelzfelle, künstliches Pelzwerk",185701000,163225000
2014,"Perlen, Edelsteine, Edelmetalle",10974321000,13398535000
2014,"Pflanzen, Waren des Blumenhandels",838244000,2642806000
2014,Pharmazeutische Erzeugnisse,59605275000,36731859000
2014,Photochemische Erzeugnisse,1098962000,720032000
2014,"Rückstände der Lebensmittelindustrie, Futter",3812460000,3626466000
2014,"Salz, Schwefel, Steine, Erden usw.",1955293000,1791668000
2014,"Schellack, Gummen, Harz, Pflanzensaft",498518000,444955000
2014,Schienenfahrzeuge,3603467000,2149531000
2014,"Schirme, Gehstöcke usw., Peitschen",84395000,190871000
2014,"Schuhe, Gamaschen, ähnliche Waren",4211555000,8317337000
2014,Seide,64717000,71883000
2014,"Seifen, Waschmittel usw.",6526039000,3376689000
2014,"Spezialgewebe, Spitzen, Tapisserien",458889000,269607000
2014,"Spielzeug, Spiele usw., Sportgeräte",3541478000,5017951000
2014,"Sprengstoffe, pyrotechnische Artikel usw.",212005000,246796000
2014,Synthetische oder künstliche Spinnfaser,1918930000,1543212000
2014,Synthetisches oder künstliches Filament,1885753000,1440406000
2014,Tabak,3586310000,1804220000
2014,"Teppiche, Fußbodenbelag aus Spinnstoff",497612000,999908000
2014,"Tierische und pflanzliche Fette, Öle, Wachs",2466100000,3562977000
2014,Uhrmacherwaren,1895597000,2116923000
2014,Verschiedene Erzeugnisse der Chemischen Industrie,19254161000,11789695000
2014,Verschiedene Lebensmittelzubereitungen,4775932000,2738578000
2014,Verschiedene Waren,3613081000,2430944000
2014,Verschiedene Waren aus unedlen Metallen,6610711000,3988642000
2014,Vollständige Fabrikationsanlagen,2743836000,43020000
2014,Waffen und Munition,425954000,169390000
2014,Waren aus Eisen oder Stahl,25344805000,17828707000
2014,"Waren aus Steinen, Gips, Zement usw.",3884769000,2686798000
2014,Wasserfahrzeuge,4083322000,1916368000
2014,"Watte, Filz, Vliesstoff usw., Tauwerk",2276031000,1226850000
2014,"Werkzeuge, Schneidwaren, Essbestecke",7281500000,4323077000
2014,"Wolle, feine und grobe Tierhaare",514643000,618030000
2014,Zink und Waren daraus,628234000,1174821000
2014,Zinn und Waren daraus,124557000,396089000
2014,"Zubereitungen aus Getreide usw., Backwaren",5167721000,3268260000
2014,"Zubereitungen von Fleisch, Fisch usw.",2775752000,2262359000
2014,"Zubereitungen von Gemüse, Früchten usw.",2366315000,4216857000
2014,Zucker und Zuckerwaren,1912981000,1601857000
2014,"Zugerichtete Federn, Daunen, künstliche Blumen",97574000,149516000
2014,Zusammenstellungen verschiedener Waren,21012301000,10109021000
2014,"Ölsamen usw., Heilpflanzen usw.",1095315000,4588851000
2015,Aluminium und Waren daraus,14007317000,15243353000
2015,"Andere Bekleidung, Bekleidungszubehör",7514374000,15318671000
2015,"Andere Konfektion, Spinnstoffwaren usw.",2500064000,3637740000
2015,Andere Waren tierischen Ursprungs,772019000,841630000
2015,"Andere pflanzliche Spinnstoffe, Papiergarn",40889000,71397000
2015,"Andere unedle Metalle, Cermets usw.",1413554000,1678549000
2015,Anorganische chemische Erzeugnisse,8357515000,6229623000
2015,Baumwolle,886431000,921276000
2015,"Bekleidung usw. aus Gewirken, Gestricken",7052560000,15278529000
2015,Blei und Waren daraus,404320000,310142000
2015,"Bücher, Zeitungen, Bilddrucke usw.",4291294000,2354004000
2015,Düngemittel,2484395000,1436425000
2015,Eisen und Stahl,20818063000,22521452000
2015,"Eiweißstoffe, Klebstoffe, Enzyme",3107551000,2053664000
2015,Elektrotechnische Erzeugnisse,117853327000,112201850000
2015,"Erze, Schlacken, Aschen",332465000,6638604000
2015,"Etherische Öle, Riech-, Schönheitsmittel",8732718000,6346191000
2015,"Fische, Krebs- und Weichtiere",1458786000,3608170000
2015,Flechtstoffe usw. pflanzlichen Ursprungs,8170000,38611000
2015,"Flechtwaren, Korbmacherwaren",44678000,131603000
2015,Fleisch,7269791000,6028688000
2015,"Gemüse, Pflanzen für Ernährung",986017000,5554046000
2015,Genießbare Früchte und Nüsse,1841906000,9135763000
2015,"Gerb- und Farbstoffe, Farben, Lacke usw.",10660594000,5667437000
2015,Getreide,3068478000,2581755000
2015,"Getränke, alkoholhaltige Flüssigkeiten, Essig",5381412000,6486610000
2015,"Getränkte, bestrichene usw. Gewebe",2143618000,1087163000
2015,Gewirke und Gestricke,781218000,455269000
2015,Glas und Glaswaren,5805300000,4697280000
2015,"Halbstoffe aus Holz usw., Papierabfall",1224182000,3766205000
2015,"Holz, Holzwaren, Holzkohle",7089437000,7221532000
2015,"Häute, Felle, Leder",1103187000,851407000
2015,"Kaffee, Tee, Mate, Gewürze",2555778000,4180055000
2015,Kakao und Zubereitungen aus Kakao,4857067000,4295686000
2015,Kautschuk und Waren daraus,14047343000,13077565000
2015,Keramische Waren,3052662000,2623974000
2015,Kopfbedeckungen und Teile davon,345324000,512531000
2015,"Kork, Korkwaren",28552000,98040000
2015,"Kraftfahrzeuge, Landfahrzeuge",217784156000,89882461000
2015,"Kunstgegenstände, Sammlungsstücke",831593000,522667000
2015,Kunststoffe und Waren daraus,54645083000,35376151000
2015,Kupfer und Waren daraus,9968727000,8895625000
2015,Lebende Tiere,1557599000,1767365000
2015,"Lederwaren, Sattlerwaren",1894569000,3935727000
2015,"Luftfahrzeuge, Raumfahrzeuge",39631330000,22746036000
2015,"Maschinen, Apparate, mechanische Geräte",201414970000,120551127000
2015,"Milch, Milcherzeugnisse, Eier, Honig",8300096000,6829167000
2015,Mineralische Brennstoffe usw.,26908134000,89783600000
2015,Musikinstrumente,563240000,563708000
2015,"Möbel, Beleuchtungskörper usw.",14672261000,17303936000
2015,"Müllereierzeugnisse, Malz usw.",1423381000,514786000
2015,Nickel und Waren daraus,1110896000,1294927000
2015,"Optische, photografische usw. Erzeugnisse",56016542000,32860346000
2015,Organische chemische Erzeugnisse,24123152000,28200773000
2015,"Papier, Pappe und Waren daraus",17206400000,12023418000
2015,"Pelzfelle, künstliches Pelzwerk",134666000,135389000
2015,"Perlen, Edelsteine, Edelmetalle",10881773000,14586793000
2015,"Pflanzen, Waren des Blumenhandels",848632000,2660884000
2015,Pharmazeutische Erzeugnisse,67903021000,40768775000
2015,Photochemische Erzeugnisse,1183371000,758566000
2015,"Rückstände der Lebensmittelindustrie, Futter",4000236000,3746469000
2015,"Salz, Schwefel, Steine, Erden usw.",2016106000,1778148000
2015,"Schellack, Gummen, Harz, Pflanzensaft",552366000,476899000
2015,Schienenfahrzeuge,3166491000,2378396000
2015,"Schirme, Gehstöcke usw., Peitschen",94787000,224965000
2015,"Schuhe, Gamaschen, ähnliche Waren",4570395000,9524583000
2015,Seide,58195000,59320000
2015,"Seifen, Waschmittel usw.",6814876000,3651232000
2015,"Spezialgewebe, Spitzen, Tapisserien",495672000,266852000
2015,"Spielzeug, Spiele usw., Sportgeräte",4051798000,5988514000
2015,"Sprengstoffe, pyrotechnische Artikel usw.",225496000,275787000
2015,Synthetische oder künstliche Spinnfaser,1874885000,1509539000
2015,Synthetisches oder künstliches Filament,1906839000,1512309000
2015,Tabak,4218075000,1950491000
2015,"Teppiche, Fußbodenbelag aus Spinnstoff",511465000,1045042000
2015,"Tierische und pflanzliche Fette, Öle, Wachs",2668797000,3648234000
2015,Uhrmacherwaren,2145817000,2554101000
2015,Verschiedene Erzeugnisse der Chemischen Industrie,20339913000,12085910000
2015,Verschiedene Lebensmittelzubereitungen,4963989000,2898663000
2015,Verschiedene Waren,3687627000,2537437000
2015,Verschiedene Waren aus unedlen Metallen,6901323000,4273835000
2015,Vollständige Fabrikationsanlagen,2630989000,30616000
2015,Waffen und Munition,446856000,186841000
2015,Waren aus Eisen oder Stahl,25972021000,18561274000
2015,"Waren aus Steinen, Gips, Zement usw.",4095468000,2943662000
2015,Wasserfahrzeuge,5182844000,1815613000
2015,"Watte, Filz, Vliesstoff usw., Tauwerk",2315232000,1308993000
2015,"Werkzeuge, Schneidwaren, Essbestecke",7681930000,4670569000
2015,"Wolle, feine und grobe Tierhaare",571759000,606738000
2015,Zink und Waren daraus,592639000,1220039000
2015,Zinn und Waren daraus,103273000,342902000
2015,"Zubereitungen aus Getreide usw., Backwaren",5581239000,3775205000
2015,"Zubereitungen von Fleisch, Fisch usw.",2806108000,2402494000
2015,"Zubereitungen von Gemüse, Früchten usw.",2504204000,4659691000
2015,Zucker und Zuckerwaren,1792947000,1596290000
2015,"Zugerichtete Federn, Daunen, künstliche Blumen",102089000,177984000
2015,Zusammenstellungen verschiedener Waren,21439809000,10606657000
2015,"Ölsamen usw., Heilpflanzen usw.",1144231000,4807284000
2016,Aluminium und Waren daraus,13692087000,14943583000
2016,"Andere Bekleidung, Bekleidungszubehör",7753204000,15805703000
2016,"Andere Konfektion, Spinnstoffwaren usw.",2550116000,3773514000
2016,Andere Waren tierischen Ursprungs,786250000,846645000
2016,"Andere pflanzliche Spinnstoffe, Papiergarn",41215000,73639000
2016,"Andere unedle Metalle, Cermets usw.",1353171000,1620608000
2016,Anorganische chemische Erzeugnisse,8025272000,5832111000
2016,Baumwolle,854864000,895967000
2016,"Bekleidung usw. aus Gewirken, Gestricken",7186195000,15790355000
2016,Blei und Waren daraus,337382000,344703000
2016,"Bücher, Zeitungen, Bilddrucke usw.",4212180000,2654983000
2016,Düngemittel,2002448000,1160295000
2016,Eisen und Stahl,19374182000,20704794000
2016,"Eiweißstoffe, Klebstoffe, Enzyme",3097297000,1941708000
2016,Elektrotechnische Erzeugnisse,123577741000,118084284000
2016,"Erze, Schlacken, Aschen",368421000,5978697000
2016,"Etherische Öle, Riech-, Schönheitsmittel",9070070000,6707329000
2016,"Fische, Krebs- und Weichtiere",1613790000,4031849000
2016,Flechtstoffe usw. pflanzlichen Ursprungs,7008000,39485000
2016,"Flechtwaren, Korbmacherwaren",49714000,125756000
2016,Fleisch,7661645000,6310386000
2016,"Gemüse, Pflanzen für Ernährung",1060034000,5871826000
2016,Genießbare Früchte und Nüsse,1911631000,9376530000
2016,"Gerb- und Farbstoffe, Farben, Lacke usw.",10838713000,5790535000
2016,Getreide,2566528000,2463678000
2016,"Getränke, alkoholhaltige Flüssigkeiten, Essig",5673119000,6781975000
2016,"Getränkte, bestrichene usw. Gewebe",2310604000,1121043000
2016,Gewirke und Gestricke,797301000,461925000
2016,Glas und Glaswaren,5986958000,5024994000
2016,"Halbstoffe aus Holz usw., Papierabfall",1202803000,3691694000
2016,"Holz, Holzwaren, Holzkohle",7371964000,7524130000
2016,"Häute, Felle, Leder",989920000,810050000
2016,"Kaffee, Tee, Mate, Gewürze",2675971000,4151090000
2016,Kakao und Zubereitungen aus Kakao,5165974000,4674041000
2016,Kautschuk und Waren daraus,14205181000,13398548000
2016,Keramische Waren,3144247000,2766957000
2016,Kopfbedeckungen und Teile davon,374696000,553597000
2016,"Kork, Korkwaren",30586000,106613000
2016,"Kraftfahrzeuge, Landfahrzeuge",220432659000,99573056000
2016,"Kunstgegenstände, Sammlungsstücke",706127000,512563000
2016,Kunststoffe und Waren daraus,55677897000,36115702000
2016,Kupfer und Waren daraus,9360878000,8214752000
2016,Lebende Tiere,1483942000,2039594000
2016,"Lederwaren, Sattlerwaren",2031097000,4005405000
2016,"Luftfahrzeuge, Raumfahrzeuge",40763580000,18144581000
2016,"Maschinen, Apparate, mechanische Geräte",200807090000,123618125000
2016,"Milch, Milcherzeugnisse, Eier, Honig",7951847000,6902662000
2016,Mineralische Brennstoffe usw.,20898563000,71019841000
2016,Musikinstrumente,556423000,585698000
2016,"Möbel, Beleuchtungskörper usw.",15188720000,18284460000
2016,"Müllereierzeugnisse, Malz usw.",1448981000,549514000
2016,Nickel und Waren daraus,884870000,1114310000
2016,"Optische, photografische usw. Erzeugnisse",58644653000,34293636000
2016,Organische chemische Erzeugnisse,22883617000,27231629000
2016,"Papier, Pappe und Waren daraus",17355771000,12077651000
2016,"Pelzfelle, künstliches Pelzwerk",113643000,125774000
2016,"Perlen, Edelsteine, Edelmetalle",11427458000,15276875000
2016,"Pflanzen, Waren des Blumenhandels",918143000,2784659000
2016,Pharmazeutische Erzeugnisse,68586363000,43677037000
2016,Photochemische Erzeugnisse,1248730000,782622000
2016,"Rückstände der Lebensmittelindustrie, Futter",4022210000,3712416000
2016,"Salz, Schwefel, Steine, Erden usw.",2000265000,1798430000
2016,"Schellack, Gummen, Harz, Pflanzensaft",591984000,484887000
2016,Schienenfahrzeuge,4205036000,2438993000
2016,"Schirme, Gehstöcke usw., Peitschen",119396000,214064000
2016,"Schuhe, Gamaschen, ähnliche Waren",5280499000,10102100000
2016,Seide,45368000,48592000
2016,"Seifen, Waschmittel usw.",7063718000,3768520000
2016,"Spezialgewebe, Spitzen, Tapisserien",506419000,277346000
2016,"Spielzeug, Spiele usw., Sportgeräte",4064462000,5982577000
2016,"Sprengstoffe, pyrotechnische Artikel usw.",256122000,253760000
2016,Synthetische oder künstliche Spinnfaser,1753585000,1480458000
2016,Synthetisches oder künstliches Filament,1831088000,1482072000
2016,Tabak,4383643000,1939733000
2016,"Teppiche, Fußbodenbelag aus Spinnstoff",543368000,1100431000
2016,"Tierische und pflanzliche Fette, Öle, Wachs",2786689000,3908275000
2016,Uhrmacherwaren,1825248000,2109542000
2016,Verschiedene Erzeugnisse der Chemischen Industrie,21145102000,12397311000
2016,Verschiedene Lebensmittelzubereitungen,5237381000,3109137000
2016,Verschiedene Waren,3839673000,2689498000
2016,Verschiedene Waren aus unedlen Metallen,7170591000,4478341000
2016,Vollständige Fabrikationsanlagen,2391133000,5342000
2016,Waffen und Munition,511749000,233889000
2016,Waren aus Eisen oder Stahl,25494568000,19063285000
2016,"Waren aus Steinen, Gips, Zement usw.",4331904000,3047274000
2016,Wasserfahrzeuge,5274506000,2571984000
2016,"Watte, Filz, Vliesstoff usw., Tauwerk",2314796000,1328392000
2016,"Werkzeuge, Schneidwaren, Essbestecke",7832859000,4745824000
2016,"Wolle, feine und grobe Tierhaare",565540000,661211000
2016,Zink und Waren daraus,591169000,1296087000
2016,Zinn und Waren daraus,105213000,373088000
2016,"Zubereitungen aus Getreide usw., Backwaren",5885419000,3965165000
2016,"Zubereitungen von Fleisch, Fisch usw.",2771269000,2525612000
2016,"Zubereitungen von Gemüse, Früchten usw.",2613652000,4607478000
2016,Zucker und Zuckerwaren,1958357000,1608117000
2016,"Zugerichtete Federn, Daunen, künstliche Blumen",115331000,189589000
2016,Zusammenstellungen verschiedener Waren,21847364000,10803801000
2016,"Ölsamen usw., Heilpflanzen usw.",1264736000,4948757000
2017,Aluminium und Waren daraus,14543271000,16053453000
2017,"Andere Bekleidung, Bekleidungszubehör",9312800000,16379297000
2017,"Andere Konfektion, Spinnstoffwaren usw.",2480243000,3843005000
2017,Andere Waren tierischen Ursprungs,877313000,998866000
2017,"Andere pflanzliche Spinnstoffe, Papiergarn",38042000,68198000
2017,"Andere unedle Metalle, Cermets usw.",1484601000,1939243000
2017,Anorganische chemische Erzeugnisse,8703043000,6387424000
2017,Baumwolle,854576000,938381000
2017,"Bekleidung usw. aus Gewirken, Gestricken",8638588000,16822714000
2017,Blei und Waren daraus,442354000,499520000
2017,"Bücher, Zeitungen, Bilddrucke usw.",4178110000,2569209000
2017,Düngemittel,2083652000,1121822000
2017,Eisen und Stahl,23266819000,25609519000
2017,"Eiweißstoffe, Klebstoffe, Enzyme",3429980000,2103562000
2017,Elektrotechnische Erzeugnisse,132546020000,129112381000
2017,"Erze, Schlacken, Aschen",490934000,7697240000
2017,"Etherische Öle, Riech-, Schönheitsmittel",9372663000,7188664000
2017,"Fische, Krebs- und Weichtiere",1642990000,4123662000
2017,Flechtstoffe usw. pflanzlichen Ursprungs,7453000,40932000
2017,"Flechtwaren, Korbmacherwaren",45114000,117475000
2017,Fleisch,7940076000,6773367000
2017,"Gemüse, Pflanzen für Ernährung",1093591000,6199664000
2017,Genießbare Früchte und Nüsse,1883563000,9971820000
2017,"Gerb- und Farbstoffe, Farben, Lacke usw.",11404112000,6097172000
2017,Getreide,2187308000,2438223000
2017,"Getränke, alkoholhaltige Flüssigkeiten, Essig",5825986000,7113872000
2017,"Getränkte, bestrichene usw. Gewebe",2492085000,1148311000
2017,Gewirke und Gestricke,830910000,476241000
2017,Glas und Glaswaren,6313833000,5184939000
2017,"Halbstoffe aus Holz usw., Papierabfall",1253535000,3907495000
2017,"Holz, Holzwaren, Holzkohle",7830440000,7717835000
2017,"Häute, Felle, Leder",961919000,802630000
2017,"Kaffee, Tee, Mate, Gewürze",2945403000,4288677000
2017,Kakao und Zubereitungen aus Kakao,5098554000,4454424000
2017,Kautschuk und Waren daraus,15232921000,14191271000
2017,Keramische Waren,3241157000,2784504000
2017,Kopfbedeckungen und Teile davon,425590000,600678000
2017,"Kork, Korkwaren",29611000,102642000
2017,"Kraftfahrzeuge, Landfahrzeuge",227543714000,107798504000
2017,"Kunstgegenstände, Sammlungsstücke",770284000,476902000
2017,Kunststoffe und Waren daraus,60159580000,39360752000
2017,Kupfer und Waren daraus,10881903000,9632896000
2017,Lebende Tiere,1476176000,1947790000
2017,"Lederwaren, Sattlerwaren",2248889000,4123706000
2017,"Luftfahrzeuge, Raumfahrzeuge",37500759000,15727765000
2017,"Maschinen, Apparate, mechanische Geräte",221155939000,132618666000
2017,"Milch, Milcherzeugnisse, Eier, Honig",9198020000,8232440000
2017,Mineralische Brennstoffe usw.,23250437000,81968529000
2017,Musikinstrumente,603418000,592493000
2017,"Möbel, Beleuchtungskörper usw.",15317960000,18207706000
2017,"Müllereierzeugnisse, Malz usw.",1511011000,557579000
2017,Nickel und Waren daraus,1072830000,1300004000
2017,"Optische, photografische usw. Erzeugnisse",64837539000,35692965000
2017,Organische chemische Erzeugnisse,24624023000,30593629000
2017,"Papier, Pappe und Waren daraus",17806606000,12268122000
2017,"Pelzfelle, künstliches Pelzwerk",125983000,147275000
2017,"Perlen, Edelsteine, Edelmetalle",11532523000,16796644000
2017,"Pflanzen, Waren des Blumenhandels",911379000,2803040000
2017,Pharmazeutische Erzeugnisse,74167733000,47273192000
2017,Photochemische Erzeugnisse,1215330000,875118000
2017,"Rückstände der Lebensmittelindustrie, Futter",3936156000,3799719000
2017,"Salz, Schwefel, Steine, Erden usw.",1993244000,1825711000
2017,"Schellack, Gummen, Harz, Pflanzensaft",623953000,497147000
2017,Schienenfahrzeuge,4652079000,2724120000
2017,"Schirme, Gehstöcke usw., Peitschen",93294000,218668000
2017,"Schuhe, Gamaschen, ähnliche Waren",6600598000,11077312000
2017,Seide,44538000,50098000
2017,"Seifen, Waschmittel usw.",7481729000,3972987000
2017,"Spezialgewebe, Spitzen, Tapisserien",528473000,265008000
2017,"Spielzeug, Spiele usw., Sportgeräte",4729287000,6878965000
2017,"Sprengstoffe, pyrotechnische Artikel usw.",265563000,248673000
2017,Synthetische oder künstliche Spinnfaser,1798905000,1484660000
2017,Synthetisches oder künstliches Filament,1903157000,1553883000
2017,Tabak,3951268000,2169070000
2017,"Teppiche, Fußbodenbelag aus Spinnstoff",548901000,1097891000
2017,"Tierische und pflanzliche Fette, Öle, Wachs",2873367000,3973481000
2017,Uhrmacherwaren,1729762000,1989488000
2017,Verschiedene Erzeugnisse der Chemischen Industrie,22202206000,13201664000
2017,Verschiedene Lebensmittelzubereitungen,5572556000,3287965000
2017,Verschiedene Waren,3910083000,2774386000
2017,Verschiedene Waren aus unedlen Metallen,7453291000,4676432000
2017,Vollständige Fabrikationsanlagen,1755373000,46560000
2017,Waffen und Munition,473754000,235068000
2017,Waren aus Eisen oder Stahl,27192361000,20334017000
2017,"Waren aus Steinen, Gips, Zement usw.",4609697000,3167390000
2017,Wasserfahrzeuge,6228844000,2611143000
2017,"Watte, Filz, Vliesstoff usw., Tauwerk",2436478000,1423729000
2017,"Werkzeuge, Schneidwaren, Essbestecke",8327046000,5026732000
2017,"Wolle, feine und grobe Tierhaare",507431000,659157000
2017,Zink und Waren daraus,775133000,1632299000
2017,Zinn und Waren daraus,116161000,453503000
2017,"Zubereitungen aus Getreide usw., Backwaren",6279059000,4209939000
2017,"Zubereitungen von Fleisch, Fisch usw.",2861438000,2758990000
2017,"Zubereitungen von Gemüse, Früchten usw.",2789627000,4978021000
2017,Zucker und Zuckerwaren,2235445000,1644034000
2017,"Zugerichtete Federn, Daunen, künstliche Blumen",121393000,198412000
2017,Zusammenstellungen verschiedener Waren,18562363000,11723276000
2017,"Ölsamen usw., Heilpflanzen usw.",1370999000,5243403000
2018,Aluminium und Waren daraus,15003074000,16687643000
2018,"Andere Bekleidung, Bekleidungszubehör",10389019000,16661869000
2018,"Andere Konfektion, Spinnstoffwaren usw.",2656475000,3934677000
2018,Andere Waren tierischen Ursprungs,927058000,984585000
2018,"Andere pflanzliche Spinnstoffe, Papiergarn",39285000,67273000
2018,"Andere unedle Metalle, Cermets usw.",1571597000,2075294000
2018,Anorganische chemische Erzeugnisse,9262523000,6945628000
2018,Baumwolle,799862000,877206000
2018,"Bekleidung usw. aus Gewirken, Gestricken",9412268000,17155578000
2018,Blei und Waren daraus,426760000,495840000
2018,"Bücher, Zeitungen, Bilddrucke usw.",4394771000,2744376000
2018,Düngemittel,2141300000,915898000
2018,Eisen und Stahl,24619920000,27951011000
2018,"Eiweißstoffe, Klebstoffe, Enzyme",3504208000,2087575000
2018,Elektrotechnische Erzeugnisse,139110170000,135132814000
2018,"Erze, Schlacken, Aschen",503642000,7839271000
2018,"Etherische Öle, Riech-, Schönheitsmittel",9865791000,7331195000
2018,"Fische, Krebs- und Weichtiere",1562988000,3951867000
2018,Flechtstoffe usw. pflanzlichen Ursprungs,9206000,43011000
2018,"Flechtwaren, Korbmacherwaren",43998000,107313000
2018,Fleisch,7235856000,6770982000
2018,"Gemüse, Pflanzen für Ernährung",1079476000,6097275000
2018,Genießbare Früchte und Nüsse,1864658000,10024162000
2018,"Gerb- und Farbstoffe, Farben, Lacke usw.",11532380000,6049905000
2018,Getreide,1659684000,2683735000
2018,"Getränke, alkoholhaltige Flüssigkeiten, Essig",5906924000,7329375000
2018,"Getränkte, bestrichene usw. Gewebe",2529211000,1135374000
2018,Gewirke und Gestricke,762959000,450489000
2018,Glas und Glaswaren,6801436000,5279652000
2018,"Halbstoffe aus Holz usw., Papierabfall",1200632000,4164714000
2018,"Holz, Holzwaren, Holzkohle",8333714000,8123039000
2018,"Häute, Felle, Leder",898286000,725028000
2018,"Kaffee, Tee, Mate, Gewürze",2750908000,3779401000
2018,Kakao und Zubereitungen aus Kakao,5255066000,4365678000
2018,Kautschuk und Waren daraus,15218285000,14290621000
2018,Keramische Waren,3497232000,2871864000
2018,Kopfbedeckungen und Teile davon,447776000,615144000
2018,"Kork, Korkwaren",29901000,100845000
2018,"Kraftfahrzeuge, Landfahrzeuge",223013204000,113067030000
2018,"Kunstgegenstände, Sammlungsstücke",874592000,549189000
2018,Kunststoffe und Waren daraus,61611988000,41231396000
2018,Kupfer und Waren daraus,11200598000,10302446000
2018,Lebende Tiere,1414255000,1620799000
2018,"Lederwaren, Sattlerwaren",2358848000,4116648000
2018,"Luftfahrzeuge, Raumfahrzeuge",35213798000,14321225000
2018,"Maschinen, Apparate, mechanische Geräte",232559808000,140257436000
2018,"Milch, Milcherzeugnisse, Eier, Honig",8913874000,8139209000
2018,Mineralische Brennstoffe usw.,28251921000,98420446000
2018,Musikinstrumente,647082000,638322000
2018,"Möbel, Beleuchtungskörper usw.",15774752000,18361579000
2018,"Müllereierzeugnisse, Malz usw.",1564972000,652579000
2018,Nickel und Waren daraus,1268046000,1584193000
2018,"Optische, photografische usw. Erzeugnisse",67762903000,37457293000
2018,Organische chemische Erzeugnisse,25170126000,39111046000
2018,"Papier, Pappe und Waren daraus",18798205000,12735664000
2018,"Pelzfelle, künstliches Pelzwerk",124160000,150782000
2018,"Perlen, Edelsteine, Edelmetalle",12095582000,16501853000
2018,"Pflanzen, Waren des Blumenhandels",954920000,2867267000
2018,Pharmazeutische Erzeugnisse,81573672000,48491435000
2018,Photochemische Erzeugnisse,1260823000,925058000
2018,"Rückstände der Lebensmittelindustrie, Futter",4121911000,3924095000
2018,"Salz, Schwefel, Steine, Erden usw.",1992708000,1979979000
2018,"Schellack, Gummen, Harz, Pflanzensaft",648520000,566639000
2018,Schienenfahrzeuge,3928829000,2706816000
2018,"Schirme, Gehstöcke usw., Peitschen",99206000,233545000
2018,"Schuhe, Gamaschen, ähnliche Waren",7267365000,11166163000
2018,Seide,43771000,47795000
2018,"Seifen, Waschmittel usw.",7694378000,4169960000
2018,"Spezialgewebe, Spitzen, Tapisserien",521993000,259189000
2018,"Spielzeug, Spiele usw., Sportgeräte",5126816000,7611637000
2018,"Sprengstoffe, pyrotechnische Artikel usw.",299738000,252063000
2018,Synthetische oder künstliche Spinnfaser,1770182000,1473684000
2018,Synthetisches oder künstliches Filament,1880973000,1539653000
2018,Tabak,3532231000,2350336000
2018,"Teppiche, Fußbodenbelag aus Spinnstoff",547310000,1067895000
2018,"Tierische und pflanzliche Fette, Öle, Wachs",2528265000,3592082000
2018,Uhrmacherwaren,1709167000,1918145000
2018,Verschiedene Erzeugnisse der Chemischen Industrie,22942051000,13986287000
2018,Verschiedene Lebensmittelzubereitungen,5700270000,3417516000
2018,Verschiedene Waren,3944904000,2840543000
2018,Verschiedene Waren aus unedlen Metallen,7556902000,4835174000
2018,Vollständige Fabrikationsanlagen,1488211000,22040000
2018,Waffen und Munition,453178000,222316000
2018,Waren aus Eisen oder Stahl,28611286000,21787199000
2018,"Waren aus Steinen, Gips, Zement usw.",4872826000,3335512000
2018,Wasserfahrzeuge,7480536000,2088633000
2018,"Watte, Filz, Vliesstoff usw., Tauwerk",2440043000,1482206000
2018,"Werkzeuge, Schneidwaren, Essbestecke",8590917000,5268022000
2018,"Wolle, feine und grobe Tierhaare",489431000,628779000
2018,Zink und Waren daraus,779824000,1619773000
2018,Zinn und Waren daraus,113626000,436599000
2018,"Zubereitungen aus Getreide usw., Backwaren",6423570000,4197212000
2018,"Zubereitungen von Fleisch, Fisch usw.",3003024000,3002490000
2018,"Zubereitungen von Gemüse, Früchten usw.",2937939000,4962197000
2018,Zucker und Zuckerwaren,2260501000,1545880000
2018,"Zugerichtete Federn, Daunen, künstliche Blumen",137641000,215696000
2018,Zusammenstellungen verschiedener Waren,16413541000,12365254000
2018,"Ölsamen usw., Heilpflanzen usw.",1429958000,5251033000
2019,Aluminium und Waren daraus,14722868000,15532628000
2019,"Andere Bekleidung, Bekleidungszubehör",11161978000,17255641000
2019,"Andere Konfektion, Spinnstoffwaren usw.",2763556000,4067450000
2019,Andere Waren tierischen Ursprungs,924140000,996227000
2019,"Andere pflanzliche Spinnstoffe, Papiergarn",41408000,69987000
2019,"Andere unedle Metalle, Cermets usw.",1553786000,1898050000
2019,Anorganische chemische Erzeugnisse,10170817000,6646437000
2019,Baumwolle,727648000,773494000
2019,"Bekleidung usw. aus Gewirken, Gestricken",10115119000,17554082000
2019,Blei und Waren daraus,401824000,457530000
2019,"Bücher, Zeitungen, Bilddrucke usw.",4090415000,2703823000
2019,Düngemittel,2207902000,1033567000
2019,Eisen und Stahl,22798058000,24411501000
2019,"Eiweißstoffe, Klebstoffe, Enzyme",3548013000,2198657000
2019,Elektrotechnische Erzeugnisse,141793342000,135427454000
2019,"Erze, Schlacken, Aschen",514628000,8487399000
2019,"Etherische Öle, Riech-, Schönheitsmittel",10454591000,7412749000
2019,"Fische, Krebs- und Weichtiere",1478454000,4071244000
2019,Flechtstoffe usw. pflanzlichen Ursprungs,8381000,47596000
2019,"Flechtwaren, Korbmacherwaren",47329000,119086000
2019,Fleisch,8151392000,6837876000
2019,"Gemüse, Pflanzen für Ernährung",1198409000,6386693000
2019,Genießbare Früchte und Nüsse,1890698000,10042485000
2019,"Gerb- und Farbstoffe, Farben, Lacke usw.",11560084000,5855582000
2019,Getreide,1740699000,2817720000
2019,"Getränke, alkoholhaltige Flüssigkeiten, Essig",5948560000,7576466000
2019,"Getränkte, bestrichene usw. Gewebe",2391298000,1126159000
2019,Gewirke und Gestricke,720227000,436832000
2019,Glas und Glaswaren,6588349000,5164842000
2019,"Halbstoffe aus Holz usw., Papierabfall",1149920000,3733820000
2019,"Holz, Holzwaren, Holzkohle",8483918000,7878807000
2019,"Häute, Felle, Leder",711700000,602337000
2019,"Kaffee, Tee, Mate, Gewürze",2721879000,3698061000
2019,Kakao und Zubereitungen aus Kakao,5527017000,4619444000
2019,Kautschuk und Waren daraus,14825113000,13629761000
2019,Keramische Waren,3690222000,2880826000
2019,Kopfbedeckungen und Teile davon,489357000,719575000
2019,"Kork, Korkwaren",30508000,108848000
2019,"Kraftfahrzeuge, Landfahrzeuge",218500029000,122459907000
2019,"Kunstgegenstände, Sammlungsstücke",815757000,619860000
2019,Kunststoffe und Waren daraus,60416248000,39887934000
2019,Kupfer und Waren daraus,10321367000,9386741000
2019,Lebende Tiere,1388499000,1835838000
2019,"Lederwaren, Sattlerwaren",2463548000,4340577000
2019,"Luftfahrzeuge, Raumfahrzeuge",38657417000,15920665000
2019,"Maschinen, Apparate, mechanische Geräte",234898427000,143706853000
2019,"Milch, Milcherzeugnisse, Eier, Honig",9412415000,8169664000
2019,Mineralische Brennstoffe usw.,30538644000,97403452000
2019,Musikinstrumente,694458000,687770000
2019,"Möbel, Beleuchtungskörper usw.",15958989000,18808248000
2019,"Müllereierzeugnisse, Malz usw.",1657397000,688417000
2019,Nickel und Waren daraus,1401117000,1642506000
2019,"Optische, photografische usw. Erzeugnisse",70991646000,39314267000
2019,Organische chemische Erzeugnisse,25185937000,36505295000
2019,"Papier, Pappe und Waren daraus",18440016000,12329087000
2019,"Pelzfelle, künstliches Pelzwerk",110933000,134933000
2019,"Perlen, Edelsteine, Edelmetalle",15886784000,18279112000
2019,"Pflanzen, Waren des Blumenhandels",960385000,2899053000
2019,Pharmazeutische Erzeugnisse,80670363000,52356970000
2019,Photochemische Erzeugnisse,1227074000,909278000
2019,"Rückstände der Lebensmittelindustrie, Futter",4316742000,3980192000
2019,"Salz, Schwefel, Steine, Erden usw.",1996800000,1910843000
2019,"Schellack, Gummen, Harz, Pflanzensaft",691367000,543716000
2019,Schienenfahrzeuge,3639672000,3257459000
2019,"Schirme, Gehstöcke usw., Peitschen",95894000,255124000
2019,"Schuhe, Gamaschen, ähnliche Waren",8020013000,11802739000
2019,Seide,26985000,32117000
2019,"Seifen, Waschmittel usw.",7674747000,4328667000
2019,"Spezialgewebe, Spitzen, Tapisserien",518141000,251807000
2019,"Spielzeug, Spiele usw., Sportgeräte",5184985000,7648721000
2019,"Sprengstoffe, pyrotechnische Artikel usw.",293962000,229559000
2019,Synthetische oder künstliche Spinnfaser,1651983000,1413076000
2019,Synthetisches oder künstliches Filament,1758936000,1446157000
2019,Tabak,3276535000,2540011000
2019,"Teppiche, Fußbodenbelag aus Spinnstoff",539976000,1072302000
2019,"Tierische und pflanzliche Fette, Öle, Wachs",2490246000,3434761000
2019,Uhrmacherwaren,1656268000,2101877000
2019,Verschiedene Erzeugnisse der Chemischen Industrie,23364113000,14371346000
2019,Verschiedene Lebensmittelzubereitungen,5982568000,3547059000
2019,Verschiedene Waren,3973675000,2868706000
2019,Verschiedene Waren aus unedlen Metallen,7486620000,4851012000
2019,Vollständige Fabrikationsanlagen,1519821000,5962000
2019,Waffen und Munition,452653000,245248000
2019,Waren aus Eisen oder Stahl,28089267000,21417338000
2019,"Waren aus Steinen, Gips, Zement usw.",4817171000,3449510000
2019,Wasserfahrzeuge,5483445000,2209782000
2019,"Watte, Filz, Vliesstoff usw., Tauwerk",2475749000,1495800000
2019,"Werkzeuge, Schneidwaren, Essbestecke",8424645000,5307465000
2019,"Wolle, feine und grobe Tierhaare",466706000,586894000
2019,Zink und Waren daraus,792996000,1417538000
2019,Zinn und Waren daraus,96234000,398536000
2019,"Zubereitungen aus Getreide usw., Backwaren",6597817000,4310879000
2019,"Zubereitungen von Fleisch, Fisch usw.",3072872000,2988779000
2019,"Zubereitungen von Gemüse, Früchten usw.",2960958000,4986570000
2019,Zucker und Zuckerwaren,2265237000,1591994000
2019,"Zugerichtete Federn, Daunen, künstliche Blumen",148991000,242591000
2019,Zusammenstellungen verschiedener Waren,16569489000,12685450000
2019,"Ölsamen usw., Heilpflanzen usw.",1336014000,5346047000
2020,Aluminium und Waren daraus,12914652000,13090250000
2020,"Andere Bekleidung, Bekleidungszubehör",10059592000,15881792000
2020,"Andere Konfektion, Spinnstoffwaren usw.",3670220000,10408960000
2020,Andere Waren tierischen Ursprungs,864977000,891389000
2020,"Andere pflanzliche Spinnstoffe, Papiergarn",34273000,62630000
2020,"Andere unedle Metalle, Cermets usw.",1136646000,1389964000
2020,Anorganische chemische Erzeugnisse,10363394000,5528229000
2020,Baumwolle,603855000,667322000
2020,"Bekleidung usw. aus Gewirken, Gestricken",9685095000,16558734000
2020,Blei und Waren daraus,366912000,362297000
2020,"Bücher, Zeitungen, Bilddrucke usw.",3669972000,2618583000
2020,Düngemittel,2029869000,929060000
2020,Eisen und Stahl,19341698000,18946819000
2020,"Eiweißstoffe, Klebstoffe, Enzyme",3616328000,2145496000
2020,Elektrotechnische Erzeugnisse,133142413000,131208700000
2020,"Erze, Schlacken, Aschen",433589000,8760396000
2020,"Etherische Öle, Riech-, Schönheitsmittel",9035920000,6496488000
2020,"Fische, Krebs- und Weichtiere",1334579000,3801566000
2020,Flechtstoffe usw. pflanzlichen Ursprungs,8770000,43121000
2020,"Flechtwaren, Korbmacherwaren",53382000,130696000
2020,Fleisch,7312791000,6191586000
2020,"Gemüse, Pflanzen für Ernährung",1129548000,6670576000
2020,Genießbare Früchte und Nüsse,2001532000,11066302000
2020,"Gerb- und Farbstoffe, Farben, Lacke usw.",10715830000,5667779000
2020,Getreide,2638740000,2959095000
2020,"Getränke, alkoholhaltige Flüssigkeiten, Essig",5351017000,7333451000
2020,"Getränkte, bestrichene usw. Gewebe",2150634000,1024054000
2020,Gewirke und Gestricke,613527000,413712000
2020,Glas und Glaswaren,6034330000,4543851000
2020,"Halbstoffe aus Holz usw., Papierabfall",914548000,2832258000
2020,"Holz, Holzwaren, Holzkohle",8656782000,7578479000
2020,"Häute, Felle, Leder",548074000,427812000
2020,"Kaffee, Tee, Mate, Gewürze",2841732000,3895858000
2020,Kakao und Zubereitungen aus Kakao,5263673000,4471743000
2020,Kautschuk und Waren daraus,13224006000,12295866000
2020,Keramische Waren,3225207000,2719615000
2020,Kopfbedeckungen und Teile davon,489527000,701498000
2020,"Kork, Korkwaren",28326000,101120000
2020,"Kraftfahrzeuge, Landfahrzeuge",184217736000,108372871000
2020,"Kunstgegenstände, Sammlungsstücke",627905000,1240957000
2020,Kunststoffe und Waren daraus,56462334000,36636786000
2020,Kupfer und Waren daraus,10095663000,8810844000
2020,Lebende Tiere,1203964000,1563956000
2020,"Lederwaren, Sattlerwaren",2147680000,3660260000
2020,"Luftfahrzeuge, Raumfahrzeuge",25108186000,12468519000
2020,"Maschinen, Apparate, mechanische Geräte",208367553000,131984251000
2020,"Milch, Milcherzeugnisse, Eier, Honig",9333547000,8252144000
2020,Mineralische Brennstoffe usw.,23019989000,67122235000
2020,Musikinstrumente,631898000,690107000
2020,"Möbel, Beleuchtungskörper usw.",14421067000,18515676000
2020,"Müllereierzeugnisse, Malz usw.",1623829000,685454000
2020,Nickel und Waren daraus,1284647000,1306947000
2020,"Optische, photografische usw. Erzeugnisse",65133237000,37411046000
2020,Organische chemische Erzeugnisse,23510698000,33101111000
2020,"Papier, Pappe und Waren daraus",16795267000,11143851000
2020,"Pelzfelle, künstliches Pelzwerk",52428000,79852000
2020,"Perlen, Edelsteine, Edelmetalle",19832101000,25480628000
2020,"Pflanzen, Waren des Blumenhandels",946781000,2894961000
2020,Pharmazeutische Erzeugnisse,85718564000,57555592000
2020,Photochemische Erzeugnisse,1039374000,730702000
2020,"Rückstände der Lebensmittelindustrie, Futter",4896346000,4013878000
2020,"Salz, Schwefel, Steine, Erden usw.",1847419000,1668409000
2020,"Schellack, Gummen, Harz, Pflanzensaft",676285000,591424000
2020,Schienenfahrzeuge,3505082000,3065943000
2020,"Schirme, Gehstöcke usw., Peitschen",83412000,244280000
2020,"Schuhe, Gamaschen, ähnliche Waren",7232797000,10892669000
2020,Seide,21932000,27674000
2020,"Seifen, Waschmittel usw.",7508562000,4156135000
2020,"Spezialgewebe, Spitzen, Tapisserien",439145000,222590000
2020,"Spielzeug, Spiele usw., Sportgeräte",5162822000,7676546000
2020,"Sprengstoffe, pyrotechnische Artikel usw.",257640000,210468000
2020,Synthetische oder künstliche Spinnfaser,1473546000,1167899000
2020,Synthetisches oder künstliches Filament,1413525000,1194903000
2020,Tabak,2463682000,2667566000
2020,"Teppiche, Fußbodenbelag aus Spinnstoff",492990000,1045665000
2020,"Tierische und pflanzliche Fette, Öle, Wachs",2775290000,3624642000
2020,Uhrmacherwaren,1430390000,1992529000
2020,Verschiedene Erzeugnisse der Chemischen Industrie,23708115000,15405951000
2020,Verschiedene Lebensmittelzubereitungen,6145661000,3768550000
2020,Verschiedene Waren,3805199000,2874853000
2020,Verschiedene Waren aus unedlen Metallen,6860755000,4592446000
2020,Vollständige Fabrikationsanlagen,1138904000,7387000
2020,Waffen und Munition,468551000,241754000
2020,Waren aus Eisen oder Stahl,24857324000,19273049000
2020,"Waren aus Steinen, Gips, Zement usw.",4613626000,3162325000
2020,Wasserfahrzeuge,5493479000,2228563000
2020,"Watte, Filz, Vliesstoff usw., Tauwerk",2379730000,1487896000
2020,"Werkzeuge, Schneidwaren, Essbestecke",7660234000,4848951000
2020,"Wolle, feine und grobe Tierhaare",349777000,407544000
2020,Zink und Waren daraus,628752000,1139526000
2020,Zinn und Waren daraus,82441000,288236000
2020,"Zubereitungen aus Getreide usw., Backwaren",6623741000,4403801000
2020,"Zubereitungen von Fleisch, Fisch usw.",3047846000,3096276000
2020,"Zubereitungen von Gemüse, Früchten usw.",2899105000,5084353000
2020,Zucker und Zuckerwaren,2292323000,1559436000
2020,"Zugerichtete Federn, Daunen, künstliche Blumen",147768000,219970000
2020,Zusammenstellungen verschiedener Waren,13561660000,11766406000
2020,"Ölsamen usw., Heilpflanzen usw.",1401750000,5654901000
2021,Aluminium und Waren daraus,15992675000,17880548000
2021,"Andere Bekleidung, Bekleidungszubehör",10445907000,16178247000
2021,"Andere Konfektion, Spinnstoffwaren usw.",3447363000,5818078000
2021,Andere Waren tierischen Ursprungs,901295000,1011374000
2021,"Andere pflanzliche Spinnstoffe, Papiergarn",42723000,79075000
2021,"Andere unedle Metalle, Cermets usw.",1292704000,1567520000
2021,Anorganische chemische Erzeugnisse,13530535000,6613322000
2021,Baumwolle,625517000,684349000
2021,"Bekleidung usw. aus Gewirken, Gestricken",11302768000,19391986000
2021,Blei und Waren daraus,538677000,501455000
2021,"Bücher, Zeitungen, Bilddrucke usw.",3973909000,3030635000
2021,Düngemittel,2680605000,1185790000
2021,Eisen und Stahl,27796627000,29925007000
2021,"Eiweißstoffe, Klebstoffe, Enzyme",4240356000,2523878000
2021,Elektrotechnische Erzeugnisse,149504548000,152972430000
2021,"Erze, Schlacken, Aschen",793513000,12946515000
2021,"Etherische Öle, Riech-, Schönheitsmittel",10162620000,7212991000
2021,"Fische, Krebs- und Weichtiere",1353969000,3757266000
2021,Flechtstoffe usw. pflanzlichen Ursprungs,11063000,43465000
2021,"Flechtwaren, Korbmacherwaren",60554000,166406000
2021,Fleisch,6301378000,6217790000
2021,"Gemüse, Pflanzen für Ernährung",1132943000,7064112000
2021,Genießbare Früchte und Nüsse,1960844000,11043344000
2021,"Gerb- und Farbstoffe, Farben, Lacke usw.",11901075000,6124562000
2021,Getreide,2804381000,3111006000
2021,"Getränke, alkoholhaltige Flüssigkeiten, Essig",6058613000,8033286000
2021,"Getränkte, bestrichene usw. Gewebe",2375832000,1168808000
2021,Gewirke und Gestricke,677878000,452117000
2021,Glas und Glaswaren,6807856000,5142578000
2021,"Halbstoffe aus Holz usw., Papierabfall",1196313000,4002151000
2021,"Holz, Holzwaren, Holzkohle",11347570000,10039725000
2021,"Häute, Felle, Leder",632861000,501077000
2021,"Kaffee, Tee, Mate, Gewürze",3088465000,4390392000
2021,Kakao und Zubereitungen aus Kakao,5691090000,4542745000
2021,Kautschuk und Waren daraus,15281904000,15368872000
2021,Keramische Waren,3796174000,3316593000
2021,Kopfbedeckungen und Teile davon,592730000,843355000
2021,"Kork, Korkwaren",28792000,111836000
2021,"Kraftfahrzeuge, Landfahrzeuge",208577941000,113914373000
2021,"Kunstgegenstände, Sammlungsstücke",1186455000,714326000
2021,Kunststoffe und Waren daraus,69421400000,46690182000
2021,Kupfer und Waren daraus,14209757000,12002958000
2021,Lebende Tiere,1176185000,1251886000
2021,"Lederwaren, Sattlerwaren",2448673000,3957901000
2021,"Luftfahrzeuge, Raumfahrzeuge",23503202000,10838007000
2021,"Maschinen, Apparate, mechanische Geräte",229220458000,149724839000
2021,"Milch, Milcherzeugnisse, Eier, Honig",9940416000,8893844000
2021,Mineralische Brennstoffe usw.,28856805000,100013146000
2021,Musikinstrumente,711904000,763281000
2021,"Möbel, Beleuchtungskörper usw.",16464712000,21723514000
2021,"Müllereierzeugnisse, Malz usw.",1756648000,764261000
2021,Nickel und Waren daraus,1323135000,1675355000
2021,"Optische, photografische usw. Erzeugnisse",71004162000,41529408000
2021,Organische chemische Erzeugnisse,28542462000,34151617000
2021,"Papier, Pappe und Waren daraus",19237897000,12189922000
2021,"Pelzfelle, künstliches Pelzwerk",62640000,94923000
2021,"Perlen, Edelsteine, Edelmetalle",21454133000,33614243000
2021,"Pflanzen, Waren des Blumenhandels",1024773000,3397348000
2021,Pharmazeutische Erzeugnisse,99850165000,67079955000
2021,Photochemische Erzeugnisse,1090207000,640692000
2021,"Rückstände der Lebensmittelindustrie, Futter",5839724000,4592886000
2021,"Salz, Schwefel, Steine, Erden usw.",2124232000,1839527000
2021,"Schellack, Gummen, Harz, Pflanzensaft",694771000,624293000
2021,Schienenfahrzeuge,3369648000,2895806000
2021,"Schirme, Gehstöcke usw., Peitschen",99153000,303954000
2021,"Schuhe, Gamaschen, ähnliche Waren",8045918000,11258908000
2021,Seide,22268000,23609000
2021,"Seifen, Waschmittel usw.",8219360000,4521345000
2021,"Spezialgewebe, Spitzen, Tapisserien",482853000,249940000
2021,"Spielzeug, Spiele usw., Sportgeräte",5920339000,9559072000
2021,"Sprengstoffe, pyrotechnische Artikel usw.",281819000,155821000
2021,Synthetische oder künstliche Spinnfaser,1554672000,1359598000
2021,Synthetisches oder künstliches Filament,1522622000,1309188000
2021,Tabak,2546373000,3080352000
2021,"Teppiche, Fußbodenbelag aus Spinnstoff",538238000,1146910000
2021,"Tierische und pflanzliche Fette, Öle, Wachs",3784094000,4529582000
2021,Uhrmacherwaren,1671973000,2347413000
2021,Verschiedene Erzeugnisse der Chemischen Industrie,28099536000,19067444000
2021,Verschiedene Lebensmittelzubereitungen,6563680000,4177616000
2021,Verschiedene Waren,4019036000,3211229000
2021,Verschiedene Waren aus unedlen Metallen,7793523000,5271230000
2021,Vollständige Fabrikationsanlagen,459958000,5542000
2021,Waffen und Munition,593268000,256078000
2021,Waren aus Eisen oder Stahl,28818555000,24293391000
2021,"Waren aus Steinen, Gips, Zement usw.",5121654000,3555605000
2021,Wasserfahrzeuge,6138887000,2270252000
2021,"Watte, Filz, Vliesstoff usw., Tauwerk",2608059000,1725562000
2021,"Werkzeuge, Schneidwaren, Essbestecke",8798866000,5840374000
2021,"Wolle, feine und grobe Tierhaare",421575000,458075000
2021,Zink und Waren daraus,795466000,1468137000
2021,Zinn und Waren daraus,138660000,537685000
2021,"Zubereitungen aus Getreide usw., Backwaren",6815436000,4747410000
2021,"Zubereitungen von Fleisch, Fisch usw.",2995336000,3146942000
2021,"Zubereitungen von Gemüse, Früchten usw.",2835136000,5196130000
2021,Zucker und Zuckerwaren,2766918000,1641018000
2021,"Zugerichtete Federn, Daunen, künstliche Blumen",158909000,249873000
2021,Zusammenstellungen verschiedener Waren,15773458000,11380813000
2021,"Ölsamen usw., Heilpflanzen usw.",1523671000,6608731000
2022,Aluminium und Waren daraus,20339634000,25409816000
2022,"Andere Bekleidung, Bekleidungszubehör",11972187000,20397667000
2022,"Andere Konfektion, Spinnstoffwaren usw.",3378111000,5728831000
2022,Andere Waren tierischen Ursprungs,1013670000,1260596000
2022,"Andere pflanzliche Spinnstoffe, Papiergarn",48524000,91802000
2022,"Andere unedle Metalle, Cermets usw.",1804247000,2497968000
2022,Anorganische chemische Erzeugnisse,16591436000,10365311000
2022,Baumwolle,730331000,889753000
2022,"Bekleidung usw. aus Gewirken, Gestricken",13072886000,24266393000
2022,Blei und Waren daraus,369513000,624115000
2022,"Bücher, Zeitungen, Bilddrucke usw.",3837927000,3131270000
2022,Düngemittel,5033181000,2538332000
2022,Eisen und Stahl,35658285000,37525357000
2022,"Eiweißstoffe, Klebstoffe, Enzyme",4876845000,3101984000
2022,Elektrotechnische Erzeugnisse,170644094000,193776927000
2022,"Erze, Schlacken, Aschen",994126000,11802211000
2022,"Etherische Öle, Riech-, Schönheitsmittel",11725381000,8038649000
2022,"Fische, Krebs- und Weichtiere",1694090000,4690772000
2022,Flechtstoffe usw. pflanzlichen Ursprungs,13390000,54877000
2022,"Flechtwaren, Korbmacherwaren",73853000,221583000
2022,Fleisch,7561800000,7702414000
2022,"Gemüse, Pflanzen für Ernährung",1310183000,7338874000
2022,Genießbare Früchte und Nüsse,2019902000,11484643000
2022,"Gerb- und Farbstoffe, Farben, Lacke usw.",12704967000,6603120000
2022,Getreide,3605058000,4279686000
2022,"Getränke, alkoholhaltige Flüssigkeiten, Essig",7017310000,9405956000
2022,"Getränkte, bestrichene usw. Gewebe",2649471000,1282580000
2022,Gewirke und Gestricke,740350000,492134000
2022,Glas und Glaswaren,7994559000,5743766000
2022,"Halbstoffe aus Holz usw., Papierabfall",1560511000,5060098000
2022,"Holz, Holzwaren, Holzkohle",12711403000,11298981000
2022,"Häute, Felle, Leder",705433000,543231000
2022,"Kaffee, Tee, Mate, Gewürze",3936472000,6406399000
2022,Kakao und Zubereitungen aus Kakao,6381339000,4836240000
2022,Kautschuk und Waren daraus,16809170000,16657235000
2022,Keramische Waren,4193186000,3641153000
2022,Kopfbedeckungen und Teile davon,747889000,1060546000
2022,"Kork, Korkwaren",28661000,107700000
2022,"Kraftfahrzeuge, Landfahrzeuge",247476957000,131517837000
2022,"Kunstgegenstände, Sammlungsstücke",1266733000,738012000
2022,Kunststoffe und Waren daraus,77913096000,54258983000
2022,Kupfer und Waren daraus,15222388000,14950307000
2022,Lebende Tiere,1386861000,1333993000
2022,"Lederwaren, Sattlerwaren",2934027000,4935895000
2022,"Luftfahrzeuge, Raumfahrzeuge",28048823000,10972084000
2022,"Maschinen, Apparate, mechanische Geräte",245289965000,167065002000
2022,"Milch, Milcherzeugnisse, Eier, Honig",12696461000,11127205000
2022,Mineralische Brennstoffe usw.,58633836000,196436798000
2022,Musikinstrumente,986280000,838973000
2022,"Möbel, Beleuchtungskörper usw.",17784462000,23379203000
2022,"Müllereierzeugnisse, Malz usw.",2218483000,955590000
2022,Nickel und Waren daraus,1947246000,2582904000
2022,"Optische, photografische usw. Erzeugnisse",75688424000,44935142000
2022,Organische chemische Erzeugnisse,35859177000,63376139000
2022,"Papier, Pappe und Waren daraus",24482911000,15487749000
2022,"Pelzfelle, künstliches Pelzwerk",67983000,106304000
2022,"Perlen, Edelsteine, Edelmetalle",22800295000,36031302000
2022,"Pflanzen, Waren des Blumenhandels",1054499000,3318905000
2022,Pharmazeutische Erzeugnisse,118746198000,76158161000
2022,Photochemische Erzeugnisse,1136921000,683089000
2022,"Rückstände der Lebensmittelindustrie, Futter",6804850000,5812336000
2022,"Salz, Schwefel, Steine, Erden usw.",2406342000,2244215000
2022,"Schellack, Gummen, Harz, Pflanzensaft",751129000,795522000
2022,Schienenfahrzeuge,2995887000,3325980000
2022,"Schirme, Gehstöcke usw., Peitschen",126637000,355077000
2022,"Schuhe, Gamaschen, ähnliche Waren",9799902000,14529026000
2022,Seide,22311000,33414000
2022,"Seifen, Waschmittel usw.",9353029000,5498891000
2022,"Spezialgewebe, Spitzen, Tapisserien",543969000,279581000
2022,"Spielzeug, Spiele usw., Sportgeräte",6090327000,9834882000
2022,"Sprengstoffe, pyrotechnische Artikel usw.",347380000,210752000
2022,Synthetische oder künstliche Spinnfaser,1600664000,1597355000
2022,Synthetisches oder künstliches Filament,1763511000,1569762000
2022,Tabak,2817953000,3284096000
2022,"Teppiche, Fußbodenbelag aus Spinnstoff",577689000,1185242000
2022,"Tierische und pflanzliche Fette, Öle, Wachs",4796024000,6577961000
2022,Uhrmacherwaren,1847849000,2769301000
2022,Verschiedene Erzeugnisse der Chemischen Industrie,34324183000,23777020000
2022,Verschiedene Lebensmittelzubereitungen,7764096000,4777559000
2022,Verschiedene Waren,4332806000,3701640000
2022,Verschiedene Waren aus unedlen Metallen,8367336000,5927427000
2022,Vollständige Fabrikationsanlagen,533812000,95000
2022,Waffen und Munition,691899000,373328000
2022,Waren aus Eisen oder Stahl,32986037000,30359064000
2022,"Waren aus Steinen, Gips, Zement usw.",5567869000,3913431000
2022,Wasserfahrzeuge,5961954000,3067540000
2022,"Watte, Filz, Vliesstoff usw., Tauwerk",2773972000,1869806000
2022,"Werkzeuge, Schneidwaren, Essbestecke",9321456000,6412156000
2022,"Wolle, feine und grobe Tierhaare",529765000,586696000
2022,Zink und Waren daraus,933104000,1898092000
2022,Zinn und Waren daraus,171196000,684960000
2022,"Zubereitungen aus Getreide usw., Backwaren",8151505000,5627324000
2022,"Zubereitungen von Fleisch, Fisch usw.",3538344000,3706215000
2022,"Zubereitungen von Gemüse, Früchten usw.",3203064000,5851071000
2022,Zucker und Zuckerwaren,3390083000,1954101000
2022,"Zugerichtete Federn, Daunen, künstliche Blumen",181286000,338031000
2022,Zusammenstellungen verschiedener Waren,17001690000,11224750000
2022,"Ölsamen usw., Heilpflanzen usw.",1778615000,8750657000
2023,Aluminium und Waren daraus,17998643000,20887454000
2023,"Andere Bekleidung, Bekleidungszubehör",12534498000,18045684000
2023,"Andere Konfektion, Spinnstoffwaren usw.",3186586000,4427285000
2023,Andere Waren tierischen Ursprungs,922537000,1186037000
2023,"Andere pflanzliche Spinnstoffe, Papiergarn",45759000,70068000
2023,"Andere unedle Metalle, Cermets usw.",1697839000,2113297000
2023,Anorganische chemische Erzeugnisse,13567855000,8707950000
2023,Baumwolle,672895000,684454000
2023,"Bekleidung usw. aus Gewirken, Gestricken",12911324000,19864437000
2023,Blei und Waren daraus,444639000,623683000
2023,"Bücher, Zeitungen, Bilddrucke usw.",3542902000,2846471000
2023,Düngemittel,3211371000,1641760000
2023,Eisen und Stahl,30329651000,29134600000
2023,"Eiweißstoffe, Klebstoffe, Enzyme",4513239000,2829684000
2023,Elektrotechnische Erzeugnisse,177074271000,202704797000
2023,"Erze, Schlacken, Aschen",793806000,10710109000
2023,"Etherische Öle, Riech-, Schönheitsmittel",12517389000,8722174000
2023,"Fische, Krebs- und Weichtiere",1523676000,4444025000
2023,Flechtstoffe usw. pflanzlichen Ursprungs,12997000,45749000
2023,"Flechtwaren, Korbmacherwaren",65888000,138922000
2023,Fleisch,7544425000,7779336000
2023,"Gemüse, Pflanzen für Ernährung",1580033000,8258082000
2023,Genießbare Früchte und Nüsse,2119183000,11685400000
2023,"Gerb- und Farbstoffe, Farben, Lacke usw.",11672938000,5639154000
2023,Getreide,3200563000,4097337000
2023,"Getränke, alkoholhaltige Flüssigkeiten, Essig",7345534000,9076165000
2023,"Getränkte, bestrichene usw. Gewebe",2662342000,1322495000
2023,Gewirke und Gestricke,686708000,439476000
2023,Glas und Glaswaren,7852091000,5808618000
2023,"Halbstoffe aus Holz usw., Papierabfall",1335243000,3646240000
2023,"Holz, Holzwaren, Holzkohle",10128499000,8454517000
2023,"Häute, Felle, Leder",582116000,480880000
2023,"Kaffee, Tee, Mate, Gewürze",3790643000,5121874000
2023,Kakao und Zubereitungen aus Kakao,7191271000,5651474000
2023,Kautschuk und Waren daraus,16989236000,15698422000
2023,Keramische Waren,3957957000,2992834000
2023,Kopfbedeckungen und Teile davon,788893000,913255000
2023,"Kork, Korkwaren",23793000,82531000
2023,"Kraftfahrzeuge, Landfahrzeuge",273814368000,147019709000
2023,"Kunstgegenstände, Sammlungsstücke",984097000,710772000
2023,Kunststoffe und Waren daraus,68070789000,45625624000
2023,Kupfer und Waren daraus,13827269000,11237911000
2023,Lebende Tiere,1537118000,1797516000
2023,"Lederwaren, Sattlerwaren",2986351000,4589192000
2023,"Luftfahrzeuge, Raumfahrzeuge",33662262000,12928603000
2023,"Maschinen, Apparate, mechanische Geräte",257213021000,164795437000
2023,"Milch, Milcherzeugnisse, Eier, Honig",12386220000,10975915000
2023,Mineralische Brennstoffe usw.,33487158000,122949364000
2023,Musikinstrumente,1022553000,761063000
2023,"Möbel, Beleuchtungskörper usw.",17434586000,21201412000
2023,"Müllereierzeugnisse, Malz usw.",2498552000,1065530000
2023,Nickel und Waren daraus,2097226000,2475069000
2023,"Optische, photografische usw. Erzeugnisse",78314803000,45840309000
2023,Organische chemische Erzeugnisse,27984529000,41798384000
2023,"Papier, Pappe und Waren daraus",20381310000,13424966000
2023,"Pelzfelle, künstliches Pelzwerk",58224000,78507000
2023,"Perlen, Edelsteine, Edelmetalle",21864088000,22182004000
2023,"Pflanzen, Waren des Blumenhandels",957160000,3054781000
2023,Pharmazeutische Erzeugnisse,110623839000,67984213000
2023,Photochemische Erzeugnisse,1000904000,591095000
2023,"Rückstände der Lebensmittelindustrie, Futter",7177651000,5669471000
2023,"Salz, Schwefel, Steine, Erden usw.",2449693000,2069763000
2023,"Schellack, Gummen, Harz, Pflanzensaft",669977000,645096000
2023,Schienenfahrzeuge,2792788000,3479207000
2023,"Schirme, Gehstöcke usw., Peitschen",106331000,233005000
2023,"Schuhe, Gamaschen, ähnliche Waren",10364136000,12571585000
2023,Seide,24695000,35603000
2023,"Seifen, Waschmittel usw.",8797677000,5377556000
2023,"Spezialgewebe, Spitzen, Tapisserien",544808000,262080000
2023,"Spielzeug, Spiele usw., Sportgeräte",5450852000,8690839000
2023,"Sprengstoffe, pyrotechnische Artikel usw.",404920000,318500000
2023,Synthetische oder künstliche Spinnfaser,1529230000,1360738000
2023,Synthetisches oder künstliches Filament,1631632000,1353041000
2023,Tabak,3128068000,5402678000
2023,"Teppiche, Fußbodenbelag aus Spinnstoff",592542000,1085678000
2023,"Tierische und pflanzliche Fette, Öle, Wachs",4127760000,5275026000
2023,Uhrmacherwaren,1873777000,2590810000
2023,Verschiedene Erzeugnisse der Chemischen Industrie,33447301000,20358382000
2023,Verschiedene Lebensmittelzubereitungen,8580167000,5597156000
2023,Verschiedene Waren,4273566000,3550149000
2023,Verschiedene Waren aus unedlen Metallen,8222361000,5460565000
2023,Vollständige Fabrikationsanlagen,1149825000,4542000
2023,Waffen und Munition,673388000,444572000
2023,Waren aus Eisen oder Stahl,34035245000,27290743000
2023,"Waren aus Steinen, Gips, Zement usw.",5488094000,3700490000
2023,Wasserfahrzeuge,5369807000,4677867000
2023,"Watte, Filz, Vliesstoff usw., Tauwerk",2613025000,1708285000
2023,"Werkzeuge, Schneidwaren, Essbestecke",9349918000,5797937000
2023,"Wolle, feine und grobe Tierhaare",445944000,504535000
2023,Zink und Waren daraus,676105000,1722752000
2023,Zinn und Waren daraus,149338000,457108000
2023,"Zubereitungen aus Getreide usw., Backwaren",9441931000,6647239000
2023,"Zubereitungen von Fleisch, Fisch usw.",3752292000,3823568000
2023,"Zubereitungen von Gemüse, Früchten usw.",3421509000,6442321000
2023,Zucker und Zuckerwaren,3672282000,2590673000
2023,"Zugerichtete Federn, Daunen, künstliche Blumen",165865000,255521000
2023,Zusammenstellungen verschiedener Waren,17590374000,12430399000
2023,"Ölsamen usw., Heilpflanzen usw.",1797671000,7514111000
2024,Aluminium und Waren daraus,17875438000,19938746000
2024,"Andere Bekleidung, Bekleidungszubehör",12999880000,18517289000
2024,"Andere Konfektion, Spinnstoffwaren usw.",3145012000,4497201000
2024,Andere Waren tierischen Ursprungs,875627000,1084319000
2024,"Andere pflanzliche Spinnstoffe, Papiergarn",41252000,70059000
2024,"Andere unedle Metalle, Cermets usw.",1718665000,2142655000
2024,Anorganische chemische Erzeugnisse,12509840000,8654787000
2024,Baumwolle,563772000,593826000
2024,"Bekleidung usw. aus Gewirken, Gestricken",13296943000,20770670000
2024,Blei und Waren daraus,559152000,621548000
2024,"Bücher, Zeitungen, Bilddrucke usw.",3422492000,2656678000
2024,Düngemittel,2844069000,1498049000
2024,Eisen und Stahl,28654344000,26788380000
2024,"Eiweißstoffe, Klebstoffe, Enzyme",4790666000,3030872000
2024,Elektrotechnische Erzeugnisse,166873787000,187157013000
2024,"Erze, Schlacken, Aschen",786538000,9497776000
2024,"Etherische Öle, Riech-, Schönheitsmittel",12184576000,9132667000
2024,"Fische, Krebs- und Weichtiere",1343542000,4148489000
2024,Flechtstoffe usw. pflanzlichen Ursprungs,12758000,46507000
2024,"Flechtwaren, Korbmacherwaren",63536000,144036000
2024,Fleisch,7695287000,7949781000
2024,"Gemüse, Pflanzen für Ernährung",1806846000,8418609000
2024,Genießbare Früchte und Nüsse,2118709000,13003055000
2024,"Gerb- und Farbstoffe, Farben, Lacke usw.",11848994000,5697009000
2024,Getreide,2726387000,3970700000
2024,"Getränke, alkoholhaltige Flüssigkeiten, Essig",7586240000,8866208000
2024,"Getränkte, bestrichene usw. Gewebe",2668050000,1279912000
2024,Gewirke und Gestricke,626245000,401921000
2024,Glas und Glaswaren,7497300000,5603203000
2024,"Halbstoffe aus Holz usw., Papierabfall",1458597000,4389229000
2024,"Holz, Holzwaren, Holzkohle",9579768000,8037232000
2024,"Häute, Felle, Leder",554843000,459547000
2024,"Kaffee, Tee, Mate, Gewürze",4203986000,6608329000
2024,Kakao und Zubereitungen aus Kakao,9705538000,9142213000
2024,Kautschuk und Waren daraus,16531584000,15869047000
2024,Keramische Waren,3901738000,2947063000
2024,Kopfbedeckungen und Teile davon,762219000,962164000
2024,"Kork, Korkwaren",24009000,86278000
2024,"Kraftfahrzeuge, Landfahrzeuge",262406377000,135018688000
2024,"Kunstgegenstände, Sammlungsstücke",1068432000,679075000
2024,Kunststoffe und Waren daraus,68518206000,45859055000
2024,Kupfer und Waren daraus,13991175000,12465369000
2024,Lebende Tiere,1545304000,1737157000
2024,"Lederwaren, Sattlerwaren",3046572000,4664801000
2024,"Luftfahrzeuge, Raumfahrzeuge",33539467000,11614214000
2024,"Maschinen, Apparate, mechanische Geräte",252689866000,161421310000
2024,"Milch, Milcherzeugnisse, Eier, Honig",12853482000,11883384000
2024,Mineralische Brennstoffe usw.,32973777000,110168322000
2024,Musikinstrumente,1003807000,761244000
2024,"Möbel, Beleuchtungskörper usw.",17139761000,21606413000
2024,"Müllereierzeugnisse, Malz usw.",2406880000,1046939000
2024,Nickel und Waren daraus,1962849000,2187981000
2024,"Optische, photografische usw. Erzeugnisse",79296314000,46216235000
2024,Organische chemische Erzeugnisse,27539608000,38306962000
2024,"Papier, Pappe und Waren daraus",20283227000,13442030000
2024,"Pelzfelle, künstliches Pelzwerk",55346000,72805000
2024,"Perlen, Edelsteine, Edelmetalle",25483185000,20688920000
2024,"Pflanzen, Waren des Blumenhandels",958696000,3085904000
2024,Pharmazeutische Erzeugnisse,114712260000,72414669000
2024,Photochemische Erzeugnisse,985790000,645896000
2024,"Rückstände der Lebensmittelindustrie, Futter",7147849000,5749516000
2024,"Salz, Schwefel, Steine, Erden usw.",2511305000,1981701000
2024,"Schellack, Gummen, Harz, Pflanzensaft",706091000,683972000
2024,Schienenfahrzeuge,3285984000,3239649000
2024,"Schirme, Gehstöcke usw., Peitschen",103717000,240824000
2024,"Schuhe, Gamaschen, ähnliche Waren",11111291000,12908084000
2024,Seide,20696000,46318000
2024,"Seifen, Waschmittel usw.",9230710000,5542612000
2024,"Spezialgewebe, Spitzen, Tapisserien",521239000,255024000
2024,"Spielzeug, Spiele usw., Sportgeräte",5085382000,7942844000
2024,"Sprengstoffe, pyrotechnische Artikel usw.",452676000,422810000
2024,Synthetische oder künstliche Spinnfaser,1447425000,1349976000
2024,Synthetisches oder künstliches Filament,1552450000,1325264000
2024,Tabak,3305867000,5812270000
2024,"Teppiche, Fußbodenbelag aus Spinnstoff",620975000,1125752000
2024,"Tierische und pflanzliche Fette, Öle, Wachs",3539551000,5268218000
2024,Uhrmacherwaren,1934274000,2601609000
2024,Verschiedene Erzeugnisse der Chemischen Industrie,32803606000,19549354000
2024,Verschiedene Lebensmittelzubereitungen,9239797000,5847951000
2024,Verschiedene Waren,4133822000,3589400000
2024,Verschiedene Waren aus unedlen Metallen,8320372000,5635292000
2024,Vollständige Fabrikationsanlagen,863844000,84000
2024,Waffen und Munition,717645000,336276000
2024,Waren aus Eisen oder Stahl,32709719000,25332157000
2024,"Waren aus Steinen, Gips, Zement usw.",5534240000,3568695000
2024,Wasserfahrzeuge,4876165000,5322636000
2024,"Watte, Filz, Vliesstoff usw., Tauwerk",2643738000,1722598000
2024,"Werkzeuge, Schneidwaren, Essbestecke",9349764000,5848018000
2024,"Wolle, feine und grobe Tierhaare",394537000,424302000
2024,Zink und Waren daraus,804828000,1400358000
2024,Zinn und Waren daraus,138471000,480988000
2024,"Zubereitungen aus Getreide usw., Backwaren",9863500000,7121083000
2024,"Zubereitungen von Fleisch, Fisch usw.",3684318000,3876008000
2024,"Zubereitungen von Gemüse, Früchten usw.",3742649000,7112964000
2024,Zucker und Zuckerwaren,3851112000,2569798000
2024,"Zugerichtete Federn, Daunen, künstliche Blumen",168075000,298183000
2024,Zusammenstellungen verschiedener Waren,17237647000,13032170000
2024,"Ölsamen usw., Heilpflanzen usw.",1972454000,7043821000
